ID_interaction;Class_interactions;0;1;2;3;4;5;6;7;8;9;10;11
0;1;276146;297;48;27;4;1;2;0;2;3;9;6
1;1;276173;253;54;33;9;3;2;0;0;4;8;6
2;1;364834;210;192;22;30;4;1;11;0;2;3;1
3;1;371486;206;195;23;20;4;1;11;0;2;3;1
4;1;378272;170;52;88;2;0;5;1;1;2;0;1
5;1;471194;265;16;23;71;2;2;1;6;0;0;2
6;1;582798;1076;282;174;74;18;18;26;20;2;6;2
7;1;365055;174;27;38;5;0;0;0;3;0;0;8
8;1;318427;299;29;17;10;1;27;2;0;0;0;4
9;1;497828;204;17;24;64;2;2;1;6;0;0;2
10;1;365310;0;0;0;0;0;0;0;0;0;0;0
11;1;378229;317;16;27;1;0;0;0;0;2;1;1
12;1;497816;218;15;17;71;2;2;1;6;0;0;2
13;1;411665;86;11;2;19;2;15;0;0;0;0;4
14;1;444524;367;71;0;19;12;2;0;1;17;0;1
15;1;338606;120;3;2;7;0;0;2;0;0;0;2
16;1;244941;300;0;112;0;6;12;0;0;0;0;14
17;1;597292;194;0;214;14;0;5;12;0;44;0;5
18;1;278529;373;21;6;8;3;8;0;9;5;1;1
19;1;431573;68;27;21;6;14;15;0;2;0;0;4
20;1;1095060;624;86;72;4;14;52;10;6;0;0;2
21;1;471176;256;28;31;78;2;2;1;6;0;0;2
22;1;1029212;151;104;34;2;4;1;1;0;0;0;1
23;1;411804;0;0;0;0;0;0;0;0;0;0;0
24;1;484866;0;0;0;0;0;0;0;0;0;0;0
25;1;345384;0;0;0;0;0;0;0;0;0;0;0
26;1;391851;14;2;1;0;0;5;1;1;2;0;1
27;1;403850;684;436;60;36;13;4;31;34;7;6;1
28;1;504409;267;12;23;69;1;2;1;6;0;0;2
29;1;444658;183;55;87;29;0;0;0;0;0;0;2
30;1;351574;177;0;223;11;0;14;9;0;16;1;1
31;1;497618;236;87;95;48;14;32;16;0;0;0;4
32;1;358332;201;48;7;67;2;3;7;0;0;0;1
33;1;364765;176;244;31;34;7;35;11;1;2;3;1
34;1;358375;242;12;20;6;3;6;0;3;0;0;1
35;1;371496;201;185;22;28;4;0;10;0;2;3;1
36;1;477860;160;25;23;141;2;3;1;6;1;0;2
37;1;351870;125;0;12;0;6;0;0;6;0;0;7
38;1;517681;277;11;25;70;1;2;1;6;0;0;2
39;1;365205;55;24;14;6;3;0;0;0;0;0;3
40;1;444645;269;47;19;10;5;13;0;1;0;3;2
41;1;590860;237;23;4;0;2;0;6;1;1;1;3
42;1;491104;277;17;25;72;2;2;1;6;0;0;2
43;1;504538;168;10;4;62;0;2;0;6;0;0;2
44;1;431327;256;69;27;12;13;6;2;0;2;9;7
45;1;351836;180;1;0;2;0;0;1;1;1;2;2
46;1;589381;1105;316;162;77;23;18;26;20;2;6;2
47;1;497989;0;0;0;147;0;0;5;0;1;0;8
48;1;617706;0;0;0;0;0;0;0;0;0;0;0
49;1;504792;0;0;0;0;0;0;0;0;0;0;0
50;1;1122498;0;0;0;0;0;0;0;0;0;0;0
51;1;583806;425;181;47;5;4;1;1;7;2;11;6
52;1;464829;46;52;4;0;2;0;5;0;0;0;2
53;1;471223;242;15;18;71;2;2;1;6;0;0;2
54;1;298696;113;43;12;2;4;10;7;0;0;0;3
55;1;364892;158;0;217;11;0;6;9;0;15;1;1
56;1;311450;394;136;0;113;60;4;0;3;13;0;1
57;1;378310;155;23;8;9;1;1;11;8;0;2;66
58;1;284003;0;205;0;75;0;22;0;25;0;3;2
59;1;358220;189;188;23;28;4;0;10;0;2;3;1
60;1;167158;226;41;40;1;1;0;2;0;2;8;6
61;1;623509;522;109;58;103;0;10;35;0;0;0;2
62;1;10848;12;5;1;8;4;0;0;0;0;1;1
63;1;511036;308;46;27;1;13;1;0;0;0;1;1
64;1;404905;158;0;31;49;0;7;1;0;6;2;3
65;1;611064;0;0;0;0;0;0;0;0;0;0;0
66;1;637632;0;0;0;0;0;0;0;0;0;0;0
67;1;352026;0;0;0;0;0;0;0;0;0;0;0
68;1;511434;0;0;0;0;0;0;0;0;0;0;0
69;1;171316;15;17;4;0;0;12;14;0;0;0;2
70;1;504672;43;9;4;55;0;1;7;0;0;0;1
71;1;484601;169;12;9;64;1;2;0;6;0;0;2
72;1;424564;377;60;45;4;13;16;0;4;0;0;5
73;1;484608;141;21;15;70;1;2;0;6;0;0;2
74;1;12543;0;20;0;3;0;0;7;0;6;0;1
75;1;54408;0;0;0;87;0;0;0;31;0;0;4
76;1;217667;219;71;66;21;8;17;24;2;0;0;25
77;1;517616;162;178;28;47;7;0;0;4;0;0;34
78;1;1081850;602;82;71;3;14;6;10;6;0;0;2
79;1;364964;225;41;50;16;8;0;3;0;1;0;2
80;1;371752;113;20;1;53;1;7;1;1;2;0;1
81;1;268353;296;49;27;5;2;2;0;3;3;9;6
82;1;318554;225;23;1;8;0;1;0;0;0;0;4
83;1;410519;663;435;58;34;13;4;30;34;7;6;1
84;1;655773;1163;289;157;77;18;29;31;15;2;0;4
85;1;484417;317;26;17;78;1;2;0;6;0;0;2
86;1;484765;26;40;1;19;3;7;1;2;1;0;1
87;1;182914;92;37;3;7;0;2;2;4;0;2;2
88;1;291734;0;241;0;91;0;23;0;31;0;3;2
89;1;278779;153;11;1;8;2;6;0;0;0;0;4
90;1;365132;82;43;20;20;0;0;2;9;0;0;2
91;1;444395;433;79;45;6;17;17;1;4;14;2;1
92;1;609326;1138;269;162;75;18;25;26;15;2;6;2
93;1;311716;275;99;10;17;28;15;1;4;6;2;1
94;1;484506;266;10;4;70;0;2;0;6;0;0;2
95;1;935887;422;59;61;64;2;7;6;0;0;0;14
96;1;391878;0;0;0;0;0;0;0;0;0;0;0
97;1;325458;0;0;0;0;0;0;0;0;0;0;0
98;1;963090;0;0;0;0;0;0;0;0;0;0;0
99;1;405162;0;0;0;0;0;0;0;0;0;0;0
100;1;391878;0;0;0;0;0;0;0;0;0;0;0
101;1;451045;426;124;19;21;4;0;0;1;0;0;16
102;1;344971;150;0;220;11;0;14;0;0;16;1;1
103;1;305291;172;33;5;20;0;2;0;0;6;2;1
104;1;351526;196;0;152;0;110;11;0;10;0;8;13
105;1;371608;208;47;9;67;2;3;7;0;0;0;1
106;1;378223;157;103;14;16;70;2;1;2;2;1;3
107;1;384363;477;173;81;78;52;1;9;0;0;0;2
108;1;378393;99;40;22;29;0;0;0;9;0;0;2
109;1;171006;275;62;9;8;0;16;1;1;0;0;2
110;1;397951;317;192;16;9;0;18;1;1;0;13;2
111;1;331766;136;109;28;3;44;1;9;0;2;0;2
112;1;451247;316;30;34;4;13;6;1;3;0;1;1
113;1;338654;57;4;3;22;0;0;0;0;0;0;2
114;1;258764;220;9;10;9;2;19;1;0;0;0;4
115;1;391551;146;0;33;0;108;10;0;9;0;8;13
116;1;1095930;0;0;0;0;0;0;0;0;0;0;0
117;1;418446;0;0;0;0;0;0;0;0;0;0;0
118;1;318816;0;0;0;0;0;0;0;0;0;0;0
119;1;352026;0;0;0;0;0;0;0;0;0;0;0
120;1;365310;0;0;0;0;0;0;0;0;0;0;0
121;1;1069362;0;0;0;0;0;0;0;0;0;0;0
122;1;471582;0;0;0;0;0;0;0;0;0;0;0
123;1;278913;30;0;1;16;0;0;2;0;0;0;2
124;1;491120;265;16;23;71;2;2;1;6;0;0;2
125;1;351448;211;234;71;32;5;10;8;4;0;0;3
126;1;365310;0;0;0;0;0;0;0;0;0;0;0
127;1;278964;0;0;0;0;0;0;0;0;0;0;0
128;1;544644;0;0;0;0;0;0;0;0;0;0;0
129;1;405162;0;0;0;0;0;0;0;0;0;0;0
130;1;132430;0;0;0;0;0;0;0;0;0;0;0
131;1;272322;0;0;0;0;0;0;0;0;0;0;0
132;1;398520;0;0;0;0;0;0;0;0;0;0;0
133;1;948990;475;91;40;78;18;45;4;15;45;3;2
134;1;378418;84;40;22;19;0;0;0;9;0;0;2
135;1;365043;95;0;33;0;49;8;0;4;0;12;66
136;1;404765;169;100;70;20;13;6;2;0;2;13;2
137;1;338482;0;144;0;85;0;10;0;10;0;0;11
138;1;358345;115;87;28;9;4;12;66;0;0;0;2
139;1;318688;98;21;0;3;3;1;0;0;0;0;2
140;1;411691;108;1;1;1;0;0;0;0;0;0;2
141;1;451061;327;144;85;5;13;16;0;3;0;1;1
142;1;365223;59;15;2;4;0;5;0;0;0;0;2
143;1;570575;523;57;19;27;0;6;1;1;1;0;2
144;1;371526;166;0;217;11;0;6;9;0;15;1;1
145;1;390474;1032;210;0;93;20;8;0;0;26;0;15
146;1;331906;99;0;37;0;10;44;0;0;0;3;1
147;1;418032;195;0;117;0;10;8;0;5;0;13;66
148;1;497729;302;13;24;70;1;2;1;6;0;0;2
149;1;736284;408;219;125;122;22;2;37;39;1;0;3
150;1;471582;0;0;0;0;0;0;0;0;0;0;0
151;1;1080325;1675;418;67;43;6;14;1;68;14;14;1
152;1;629709;917;190;71;27;14;25;26;1;2;6;2
153;1;1299757;1536;351;89;44;3;19;0;10;14;1;8
154;1;398055;214;185;20;28;0;2;10;0;2;3;1
155;1;371929;18;0;2;0;0;0;0;0;0;0;3
156;1;405162;0;0;0;0;0;0;0;0;0;0;0
157;1;1089288;0;0;0;0;0;0;0;0;0;0;0
158;1;325458;0;0;0;0;0;0;0;0;0;0;0
159;1;46740;0;0;0;0;0;0;0;0;0;0;0
160;1;451435;93;51;3;5;0;61;0;0;2;0;6
161;1;477824;268;26;17;78;1;2;0;6;0;0;2
162;1;46740;0;0;0;0;0;0;0;0;0;0;0
163;1;411402;261;15;112;0;9;0;1;0;2;1;1
164;1;570943;230;23;2;0;2;0;6;1;1;1;3
165;1;365075;155;25;2;22;0;22;3;3;1;0;2
166;1;351607;150;0;220;11;0;20;0;0;16;1;1
167;1;424711;247;72;25;0;17;14;0;0;0;1;1
168;1;325206;111;0;79;0;11;47;0;0;0;3;1
169;1;351653;301;49;4;13;3;1;0;0;0;0;2
170;1;471124;306;30;31;78;2;2;1;6;0;0;2
171;1;471152;281;26;32;78;2;2;1;6;0;0;2
172;1;371840;80;1;9;15;0;5;0;0;0;0;2
173;1;371774;82;43;20;20;0;0;2;9;0;0;2
174;1;1113917;1395;305;93;39;21;4;14;0;52;10;6
175;1;471148;306;26;20;70;1;2;1;6;0;0;2
176;1;343942;1003;336;0;32;17;25;0;1;26;0;2
177;1;477869;240;12;22;69;1;2;1;6;0;0;2
178;1;151514;276;43;37;8;3;2;2;0;2;10;8
179;1;437991;218;30;13;63;12;25;14;2;0;0;4
180;1;351749;78;68;5;11;101;0;9;0;2;1;2
181;1;345324;27;0;25;0;3;1;0;0;0;0;4
182;1;344537;413;205;149;42;11;10;13;0;2;0;2
183;1;391654;164;25;23;2;0;5;1;1;2;0;1
184;1;457737;416;95;22;9;2;0;13;0;1;1;2
185;1;391390;195;197;65;26;0;1;0;2;0;0;2
186;1;484866;0;0;0;0;0;0;0;0;0;0;0
187;1;385236;0;0;0;0;0;0;0;0;0;0;0
188;1;338742;0;0;0;0;0;0;0;0;0;0;0
189;1;1089288;0;0;0;0;0;0;0;0;0;0;0
190;1;398520;0;0;0;0;0;0;0;0;0;0;0
191;1;504792;0;0;0;0;0;0;0;0;0;0;0
192;1;418446;0;0;0;0;0;0;0;0;0;0;0
193;1;278964;0;0;0;0;0;0;0;0;0;0;0
194;1;358668;0;0;0;0;0;0;0;0;0;0;0
195;1;464552;255;25;18;79;1;2;0;6;0;0;2
196;1;424865;84;45;75;15;2;0;0;0;0;0;2
197;1;609815;792;189;0;153;60;17;0;9;13;15;1
198;1;983016;0;0;0;0;0;0;0;0;0;0;0
199;1;352026;0;0;0;0;0;0;0;0;0;0;0
200;1;257070;0;0;0;0;0;0;0;0;0;0;0
201;1;471298;190;31;7;46;5;0;1;0;2;1;1
202;1;358422;81;85;10;17;9;34;0;1;0;8;1
203;1;750170;243;26;84;2;4;14;0;0;1;0;2
204;1;1108284;583;166;0;52;92;19;0;4;0;7;7
205;1;1076004;0;0;0;0;0;0;0;0;0;0;0
206;1;338742;0;0;0;0;0;0;0;0;0;0;0
207;1;338742;0;0;0;0;0;0;0;0;0;0;0
208;1;590991;122;13;3;0;2;0;1;1;1;1;3
209;1;303691;38;37;8;0;1;11;0;0;0;0;24
210;1;338282;179;0;228;12;0;14;9;0;16;1;1
211;1;405036;62;12;20;0;0;11;1;0;2;16;2
212;1;384811;165;0;217;11;0;6;9;0;15;1;1
213;1;351631;153;181;19;28;0;0;10;0;2;1;1
214;1;1108344;624;86;72;4;14;52;10;6;0;0;2
215;1;159194;320;54;65;8;27;4;3;0;2;10;8
216;1;509128;1035;612;294;195;89;29;22;5;6;4;15
217;1;622653;1043;315;161;84;25;16;26;15;2;6;2
218;1;318531;101;100;35;42;0;5;0;0;0;0;2
219;1;498137;3;0;1;0;6;0;0;0;0;2;1
220;1;1082646;0;0;0;0;0;0;0;0;0;0;0
221;1;418446;0;0;0;0;0;0;0;0;0;0;0
222;1;365310;0;0;0;0;0;0;0;0;0;0;0
223;1;358668;0;0;0;0;0;0;0;0;0;0;0
224;1;431730;0;0;0;0;0;0;0;0;0;0;0
225;1;365310;0;0;0;0;0;0;0;0;0;0;0
226;1;332100;0;0;0;0;0;0;0;0;0;0;0
227;1;511434;0;0;0;0;0;0;0;0;0;0;0
228;1;411709;81;0;5;0;3;0;0;4;0;0;2
229;1;1095326;461;67;56;0;1;1;10;6;0;0;2
230;1;358668;0;0;0;0;0;0;0;0;0;0;0
231;1;8840;0;0;0;0;0;0;0;0;0;0;0
232;1;358668;0;0;0;0;0;0;0;0;0;0;0
233;1;1095930;0;0;0;0;0;0;0;0;0;0;0
234;1;391705;87;60;0;20;0;4;0;0;0;0;2
235;1;969197;344;61;72;13;28;10;0;1;1;1;4
236;1;325277;118;10;46;3;1;0;0;0;0;0;3
237;1;351828;174;15;0;2;0;0;1;1;1;2;2
238;1;291873;61;267;0;13;2;9;0;6;13;0;4
239;1;365199;32;59;14;2;0;0;0;0;2;0;2
240;1;424820;171;51;11;18;13;0;0;2;0;1;1
241;1;311788;306;48;0;20;0;0;0;10;0;0;2
242;1;358603;45;3;8;1;0;0;0;6;0;0;2
243;1;371794;119;22;3;8;3;1;0;0;0;0;2
244;1;418181;171;6;21;17;14;0;13;0;21;0;2
245;1;497843;218;7;3;69;0;2;0;6;0;0;2
246;1;464731;109;7;19;62;1;2;1;6;0;0;2
247;1;272092;386;61;67;24;2;0;0;0;3;9;6
248;1;318611;174;10;11;0;2;0;6;0;0;1;1
249;1;265579;0;68;0;16;0;0;4;0;0;0;13
250;1;1109214;0;0;0;0;0;0;0;0;0;0;0
251;1;405161;0;0;0;0;0;0;0;0;0;0;1
252;1;365149;110;16;31;2;0;0;0;0;0;0;2
253;1;377999;308;210;31;22;19;3;0;0;0;0;2
254;1;497738;260;31;27;80;3;2;1;6;0;0;2
255;1;1101659;667;86;72;4;14;52;10;6;0;0;2
256;1;345303;49;19;6;0;0;3;0;0;0;0;4
257;1;457571;348;100;70;4;13;115;1;2;64;0;10
258;1;351574;177;0;223;11;0;14;9;0;16;1;1
259;1;371516;265;59;77;19;3;8;0;0;1;0;4
260;1;252257;123;4;2;0;0;5;1;1;2;0;1
261;1;490593;593;98;150;5;18;16;1;0;22;1;11
262;1;391626;180;42;2;15;0;8;1;1;2;0;1
263;1;259038;0;0;0;0;0;0;0;0;0;0;0
264;1;371952;0;0;0;0;0;0;0;0;0;0;0
265;1;411804;0;0;0;0;0;0;0;0;0;0;0
266;1;484866;0;0;0;0;0;0;0;0;0;0;0
267;1;371952;0;0;0;0;0;0;0;0;0;0;0
268;1;604250;17;49;97;4;0;3;0;0;0;0;2
269;1;437423;684;153;36;4;51;4;0;13;0;0;4
270;1;497745;293;13;18;69;1;2;1;6;0;0;2
271;1;284197;74;0;39;0;20;2;0;0;0;2;1
272;1;371520;166;0;222;12;0;6;9;0;15;1;1
273;1;610934;107;13;1;0;2;0;1;1;1;1;3
274;1;1080626;1469;313;96;34;21;4;15;0;52;10;6
275;1;504360;314;14;23;69;1;2;1;6;0;0;2
276;1;1087262;1494;322;53;42;4;13;1;68;14;14;1
277;1;563760;340;161;80;30;18;26;88;20;6;1;40
278;1;596393;1007;218;79;28;7;12;26;0;2;6;2
279;1;516210;1092;421;194;40;27;54;2;4;4;22;6
280;1;351765;214;8;10;9;1;14;1;0;0;0;4
281;1;371000;556;142;65;90;0;88;1;8;1;0;1
282;1;497652;343;29;34;79;2;2;1;6;0;0;2
283;1;1087196;1543;312;95;35;21;4;14;0;52;10;6
284;1;365192;56;34;14;5;4;0;2;0;0;0;3
285;1;477827;277;13;25;70;1;2;1;6;0;0;2
286;1;398037;358;35;72;4;5;4;2;0;1;1;1
287;1;504416;296;38;19;4;13;1;0;3;0;1;1
288;1;378120;260;81;9;73;5;4;2;2;0;3;35
289;1;311158;739;165;32;18;0;31;11;5;14;0;1
290;1;331672;243;137;15;26;0;0;1;0;2;3;1
291;1;504508;150;23;27;71;2;2;1;6;0;0;2
292;1;384967;218;22;12;5;5;6;0;0;0;0;1
293;1;557264;400;117;100;6;4;5;1;4;14;7;6
294;1;411498;171;0;46;54;0;23;1;0;6;2;3
295;1;163536;0;0;0;22;0;0;0;29;0;0;3
296;1;590985;102;0;40;4;0;0;0;0;2;0;5
297;1;438372;0;0;0;0;0;0;0;0;0;0;0
298;1;405162;0;0;0;0;0;0;0;0;0;0;0
299;1;504792;0;0;0;0;0;0;0;0;0;0;0
300;1;425088;0;0;0;0;0;0;0;0;0;0;0
301;1;365081;125;90;2;2;0;5;1;1;2;0;1
302;1;477830;134;107;105;6;18;13;0;1;4;0;6
303;1;464628;218;10;4;70;0;2;0;6;0;0;2
304;1;451031;350;68;105;89;2;2;1;6;0;0;2
305;1;451471;101;51;5;18;2;5;0;1;0;0;2
306;1;511038;275;44;55;0;17;1;0;2;0;1;1
307;1;517679;277;13;25;70;1;2;1;6;0;0;2
308;1;1080608;1490;308;95;38;21;4;14;0;52;10;6
309;1;1108071;767;208;80;4;14;52;10;6;0;0;2
310;1;371893;41;3;2;11;0;0;0;0;0;0;2
311;1;405162;0;0;0;0;0;0;0;0;0;0;0
312;1;405162;0;0;0;0;0;0;0;0;0;0;0
313;1;365310;0;0;0;0;0;0;0;0;0;0;0
314;1;464940;0;0;0;0;0;0;0;0;0;0;0
315;1;391878;0;0;0;0;0;0;0;0;0;0;0
316;1;484593;180;77;4;5;0;0;0;0;2;0;5
317;1;497694;327;19;25;72;2;2;1;6;0;0;2
318;1;351870;125;0;12;0;6;0;0;6;0;0;7
319;1;1133811;1424;308;91;41;21;4;14;0;52;10;6
320;1;417127;951;227;0;86;20;7;0;0;26;0;2
321;1;351679;282;26;10;9;1;14;1;0;0;0;4
322;1;604075;319;4;3;14;1;4;1;0;0;0;1
323;1;338588;107;22;11;8;3;1;0;0;0;0;2
324;1;318413;334;42;0;3;8;1;0;1;13;0;1
325;1;358348;139;55;39;11;9;0;0;13;51;1;2
326;1;365130;84;43;20;20;0;0;2;9;0;0;2
327;1;603630;485;108;49;103;0;10;35;0;0;0;2
328;1;451007;453;80;48;4;13;16;1;0;22;1;11
329;1;491152;252;14;8;71;1;2;0;6;0;0;2
330;1;596194;1007;285;142;70;18;17;26;16;2;1;2
331;1;371778;82;40;22;19;0;0;0;9;0;0;2
332;1;358561;28;1;9;0;55;6;0;3;0;4;1
333;1;391634;196;30;11;2;2;0;0;0;0;0;3
334;1;616928;319;160;77;25;25;26;83;20;0;1;42
335;1;484509;251;11;20;70;1;0;1;1;0;0;2
336;1;229805;0;0;0;0;0;0;0;0;0;0;0
337;1;391878;0;0;0;0;0;0;0;0;0;0;0
338;1;1109214;0;0;0;0;0;0;0;0;0;0;0
339;1;358668;0;0;0;0;0;0;0;0;0;0;0
340;1;445014;0;0;0;0;0;0;0;0;0;0;0
341;1;431730;0;0;0;0;0;0;0;0;0;0;0
342;1;378594;0;0;0;0;0;0;0;0;0;0;0
343;1;498150;0;0;0;0;0;0;0;0;0;0;0
344;1;318816;0;0;0;0;0;0;0;0;0;0;0
345;1;155742;0;28;0;24;0;4;0;1;0;0;1
346;1;391265;367;32;50;1;96;1;9;44;8;1;4
347;1;167014;353;59;39;3;1;0;0;0;2;8;6
348;1;438317;0;0;19;0;0;14;0;0;21;0;1
349;1;338742;0;0;0;0;0;0;0;0;0;0;0
350;1;378594;0;0;0;0;0;0;0;0;0;0;0
351;1;470950;363;45;61;2;17;100;0;2;40;1;1
352;1;351862;133;0;10;0;8;0;0;6;0;0;7
353;1;518076;0;0;0;0;0;0;0;0;0;0;0
354;1;318816;0;0;0;0;0;0;0;0;0;0;0
355;1;318816;0;0;0;0;0;0;0;0;0;0;0
356;1;371952;0;0;0;0;0;0;0;0;0;0;0
357;1;352026;0;0;0;0;0;0;0;0;0;0;0
358;1;398340;131;13;9;16;4;1;0;0;2;0;4
359;1;384599;322;61;88;26;11;0;68;18;2;1;40
360;1;1088251;778;97;74;4;14;52;10;6;0;0;2
361;1;233005;49;7;2;0;0;5;0;0;0;0;2
362;1;969357;201;67;35;60;1;4;6;0;0;0;1
363;1;636972;479;97;59;18;1;4;0;0;0;0;2
364;1;491160;241;15;9;72;1;2;0;6;0;0;2
365;1;630275;529;105;58;17;0;4;0;0;0;0;2
366;1;1114974;627;86;76;4;14;57;10;6;0;0;2
367;1;311991;125;9;21;12;0;5;7;2;0;0;2
368;1;524696;15;2;3;0;0;0;0;0;0;1;1
369;1;378210;146;74;23;46;69;4;11;0;7;1;3
370;1;338242;235;207;21;19;0;2;10;0;2;3;1
371;1;424754;156;88;20;2;65;0;0;0;0;1;2
372;1;1002252;482;54;77;13;31;27;1;0;0;1;4
373;1;444456;267;124;34;4;0;0;86;3;5;0;35
374;1;152530;181;25;20;2;1;2;0;0;0;0;5
375;1;623696;483;98;46;18;1;4;0;0;0;0;2
376;1;1081067;1150;213;82;27;21;4;14;0;52;10;6
377;1;1128261;626;86;74;4;14;57;10;6;0;0;2
378;1;391627;217;9;8;5;5;6;0;0;0;0;1
379;1;331219;540;282;0;26;10;9;0;0;13;0;1
380;1;384571;0;346;0;172;0;58;0;74;0;14;1
381;1;629236;1143;286;165;72;18;25;26;15;2;0;2
382;1;358541;0;23;0;92;0;1;0;10;0;0;1
383;1;351662;166;0;149;10;0;12;9;0;16;1;1
384;1;345059;200;45;2;65;2;3;7;0;0;0;1
385;1;1135767;0;0;0;9;0;0;0;1;0;0;5
386;1;371952;0;0;0;0;0;0;0;0;0;0;0
387;1;411804;0;0;0;0;0;0;0;0;0;0;0
388;1;345384;0;0;0;0;0;0;0;0;0;0;0
389;1;365310;0;0;0;0;0;0;0;0;0;0;0
390;1;1115856;0;0;0;0;0;0;0;0;0;0;0
391;1;305398;75;27;0;13;17;0;0;0;0;0;2
392;1;397236;663;434;58;34;13;4;30;34;7;6;1
393;1;596853;700;127;30;19;2;17;26;1;2;1;2
394;1;338462;210;36;18;2;0;5;5;2;0;0;2
395;1;557440;200;0;208;8;0;5;12;0;47;1;7
396;1;1121659;594;86;68;5;14;54;10;6;0;0;2
397;1;391564;122;92;23;3;65;2;1;1;2;1;2
398;1;385149;67;6;1;11;0;0;0;0;0;0;2
399;1;1133579;1596;400;55;42;4;13;1;63;14;14;1
400;1;385236;0;0;0;0;0;0;0;0;0;0;0
401;1;351773;113;43;28;1;0;65;0;0;0;2;1
402;1;417899;342;125;33;18;20;0;4;0;4;0;1
403;1;589563;1007;277;139;70;18;17;26;16;2;1;2
404;1;338432;204;67;10;17;0;2;4;0;2;3;1
405;1;291273;648;238;25;11;0;25;11;1;14;0;2
406;1;491119;266;16;23;71;2;2;1;6;0;0;2
407;1;411750;35;12;0;2;2;0;0;0;0;0;3
408;1;975799;406;71;60;12;7;2;0;1;0;0;16
409;1;464508;281;28;32;78;2;2;1;6;0;0;2
410;1;325273;154;22;0;3;3;1;0;0;0;0;2
411;1;398426;58;18;2;2;0;9;1;1;2;0;1
412;1;311940;176;23;25;1;0;2;2;3;1;0;1
413;1;591065;0;28;0;2;0;1;0;0;0;0;42
414;1;604422;0;0;0;0;0;0;0;0;0;0;0
415;1;425088;0;0;0;0;0;0;0;0;0;0;0
416;1;42845;0;0;0;0;0;0;0;0;0;0;0
417;1;232470;0;0;0;0;0;0;0;0;0;0;0
418;1;365310;0;0;0;0;0;0;0;0;0;0;0
419;1;470880;389;134;127;4;26;17;0;3;0;1;1
420;1;351674;287;26;10;9;1;14;1;0;0;0;4
421;1;458245;45;3;3;0;0;0;0;0;0;1;1
422;1;398343;103;41;13;1;0;14;1;0;0;0;4
423;1;477406;398;171;145;8;26;32;1;3;22;1;11
424;1;285678;304;132;129;21;17;47;0;0;6;0;4
425;1;464622;139;67;5;96;2;6;0;0;1;0;2
426;1;484507;242;15;18;71;2;2;1;6;0;0;2
427;1;1101699;625;86;74;4;14;52;10;6;0;0;2
428;1;364862;189;188;23;28;4;0;10;0;2;3;1
429;1;384911;206;35;4;67;2;3;7;0;0;0;1
430;1;637471;129;13;5;0;2;0;6;1;1;1;3
431;1;338399;158;143;0;10;4;9;0;15;1;1;2
432;1;1088122;798;126;38;91;14;11;63;23;1;0;1
433;1;457633;220;297;40;6;73;4;21;1;0;1;2
434;1;411410;304;11;59;0;17;1;0;0;0;1;1
435;1;364863;172;0;223;11;0;14;9;0;16;1;1
436;1;438225;81;30;20;4;8;0;0;0;2;0;2
437;1;365132;82;43;22;20;0;0;0;9;0;0;2
438;1;404841;152;33;0;94;10;9;0;8;13;0;2
439;1;365245;45;3;6;1;0;0;2;6;0;0;2
440;1;530897;0;119;0;276;0;45;0;6;0;14;3
441;1;351133;546;287;0;26;10;9;0;1;13;0;1
442;1;418124;231;4;37;2;14;0;11;0;21;0;2
443;1;378333;171;27;21;29;8;0;0;2;0;0;3
444;1;332038;31;16;6;0;0;4;0;0;0;0;5
445;1;451317;239;11;9;70;0;2;0;6;0;0;2
446;1;444511;379;15;27;31;15;0;13;0;21;0;2
447;1;636823;332;164;83;25;26;31;83;20;0;3;42
448;1;132063;0;219;0;126;0;13;0;3;0;0;6
449;1;484669;0;17;0;163;0;5;0;3;0;8;1
450;1;484866;0;0;0;0;0;0;0;0;0;0;0
451;1;365046;216;9;10;9;1;14;1;0;0;0;4
452;1;1080728;1386;295;93;37;21;4;14;0;52;10;6
453;1;477732;332;34;32;80;3;2;1;6;0;0;2
454;1;378255;140;51;12;46;1;2;11;8;0;2;66
455;1;245063;207;0;93;0;7;1;0;0;0;0;14
456;1;929315;477;27;36;6;2;2;2;0;0;0;13
457;1;345221;135;10;7;3;0;3;1;0;0;0;4
458;1;311803;307;26;10;9;0;14;1;0;0;0;4
459;1;1114504;947;223;68;19;20;1;1;0;57;10;6
460;1;471582;0;0;0;0;0;0;0;0;0;0;0
461;1;371952;0;0;0;0;0;0;0;0;0;0;0
462;1;345384;0;0;0;0;0;0;0;0;0;0;0
463;1;411804;0;0;0;0;0;0;0;0;0;0;0
464;1;418446;0;0;0;0;0;0;0;0;0;0;0
465;1;46740;0;0;0;0;0;0;0;0;0;0;0
466;1;378525;60;4;0;0;0;0;1;0;0;0;4
467;1;351836;180;1;0;2;0;0;1;1;1;2;2
468;1;590863;234;24;3;0;2;0;6;1;1;1;3
469;1;491099;258;104;20;15;4;4;1;0;0;0;3
470;1;383958;570;237;241;53;19;102;13;5;34;2;2
471;1;371665;228;16;15;9;0;14;1;0;0;0;4
472;1;298688;103;0;41;0;10;44;0;0;0;3;1
473;1;556156;1125;313;164;74;23;26;26;16;2;1;2
474;1;358216;177;0;223;11;0;14;9;0;16;1;1
475;1;497863;182;12;19;62;1;2;1;6;0;0;2
476;1;331333;452;231;41;8;13;1;3;0;16;0;2
477;1;404751;278;74;26;0;17;14;0;0;0;1;1
478;1;438141;169;17;18;8;16;0;1;0;0;0;2
479;1;365208;56;15;9;15;0;5;0;0;0;0;2
480;1;497552;411;65;47;8;13;16;1;3;22;1;11
481;1;497746;292;13;18;69;1;2;1;6;0;0;2
482;1;418103;245;6;25;17;14;0;13;0;21;0;2
483;1;490957;204;254;10;6;0;69;0;0;2;0;6
484;1;1088427;635;121;50;17;20;0;1;0;1;10;6
485;1;411804;0;0;0;0;0;0;0;0;0;0;0
486;1;345384;0;0;0;0;0;0;0;0;0;0;0
487;1;371952;0;0;0;0;0;0;0;0;0;0;0
488;1;484866;0;0;0;0;0;0;0;0;0;0;0
489;1;345384;0;0;0;0;0;0;0;0;0;0;0
490;1;276545;0;0;0;0;0;0;0;0;0;0;0
491;1;237595;0;0;0;0;0;0;0;0;0;0;0
492;1;312174;0;0;0;0;0;0;0;0;0;0;0
493;1;478224;0;0;0;0;0;0;0;0;0;0;0
494;1;484866;0;0;0;0;0;0;0;0;0;0;0
495;1;405162;0;0;0;0;0;0;0;0;0;0;0
496;1;338693;23;15;0;5;3;0;0;0;0;0;3
497;1;471204;249;20;22;74;2;2;1;6;0;0;2
498;1;378416;82;43;20;20;0;0;2;9;0;0;2
499;1;338625;37;68;2;1;0;0;7;0;0;0;2
500;1;451452;147;21;13;19;0;0;2;0;0;0;2
501;1;391528;198;72;14;19;3;36;1;1;2;3;1
502;1;398206;105;111;0;44;1;42;0;0;9;0;2
503;1;456394;1257;371;0;142;64;24;0;0;17;15;14
504;1;385156;57;11;5;0;0;3;0;0;0;0;4
505;1;391411;290;10;34;1;86;1;6;35;0;0;4
506;1;331801;217;33;15;9;0;20;1;0;0;0;4
507;1;484449;314;13;10;70;0;2;0;6;0;0;2
508;1;305168;210;38;88;25;1;0;0;0;0;0;2
509;1;58411;7;6;0;0;0;0;0;0;0;0;1
510;1;371952;0;0;0;0;0;0;0;0;0;0;0
511;1;312011;127;21;6;3;3;1;0;0;0;0;2
512;1;424926;53;21;56;1;24;1;0;1;4;0;1
513;1;365036;219;13;14;9;0;14;1;0;0;0;4
514;1;477816;256;27;33;79;2;2;1;6;0;0;2
515;1;371695;194;11;23;0;17;4;0;3;0;4;1
516;1;909120;542;154;59;26;23;25;0;0;1;0;4
517;1;344715;334;260;44;8;8;8;1;0;3;2;1
518;1;615952;1086;326;182;79;26;3;26;15;3;6;2
519;1;358561;0;0;18;0;0;86;0;0;1;0;2
520;1;484144;374;181;122;1;13;29;0;0;0;1;1
521;1;582753;1137;275;162;75;18;25;26;15;2;6;2
522;1;358492;145;8;17;0;0;0;2;2;0;0;2
523;1;476929;946;192;64;19;31;4;17;13;4;0;5
524;1;484206;432;0;157;37;0;19;5;0;5;0;5
525;1;305343;118;12;47;3;1;2;0;0;0;0;6
526;1;377963;286;275;0;18;17;15;0;16;1;1;2
527;1;378425;160;0;0;2;0;0;1;1;1;2;2
528;1;338565;148;8;1;13;0;2;0;1;0;0;4
529;1;471322;122;22;32;71;2;2;1;6;0;0;2
530;1;378383;136;24;0;38;3;4;0;0;0;4;2
531;1;391722;85;67;0;1;0;1;0;0;0;0;2
532;1;503991;589;58;132;1;18;1;0;0;0;1;1
533;1;491041;298;69;19;69;1;2;1;6;0;0;2
534;1;225813;32;31;6;27;0;0;0;0;0;0;1
535;1;364922;169;32;152;10;0;3;16;0;2;3;1
536;1;378327;114;123;18;3;4;0;1;0;2;1;1
537;1;451165;204;0;205;11;0;4;16;0;44;0;7
538;1;1088425;588;63;88;96;5;3;6;0;0;0;14
539;1;1134941;611;75;67;4;14;52;10;6;0;0;2
540;1;457205;794;121;0;76;19;37;0;1;30;0;15
541;1;345249;0;0;0;60;0;0;0;70;0;0;5
542;1;456814;1009;264;47;21;91;11;18;14;5;2;2
543;1;975592;589;52;53;61;2;3;8;0;0;0;14
544;1;272330;222;41;35;2;0;0;0;0;5;9;6
545;1;398300;164;31;17;1;1;2;0;0;2;1;1
546;1;1153663;1495;323;87;33;21;4;14;0;52;10;6
547;1;749566;500;198;149;42;8;15;28;37;0;0;3
548;1;397395;663;289;53;33;5;4;30;34;7;6;1
549;1;391878;0;0;0;0;0;0;0;0;0;0;0
550;1;411804;0;0;0;0;0;0;0;0;0;0;0
551;1;311885;203;40;7;10;0;1;4;11;4;8;1
552;1;344785;253;283;21;18;1;7;10;0;2;3;1
553;1;411602;103;0;64;0;22;0;0;4;0;0;9
554;1;358298;220;77;2;21;16;16;0;5;6;2;5
555;1;411654;52;56;24;6;2;5;0;0;0;0;5
556;1;1101702;624;86;72;4;14;52;10;6;0;0;2
557;1;478149;58;12;3;0;0;0;0;0;0;1;1
558;1;424296;343;371;0;31;14;18;0;1;13;0;1
559;1;358544;64;33;13;5;4;0;2;0;0;0;3
560;1;391511;157;93;25;8;66;2;11;0;0;1;4
561;1;411629;134;28;4;3;0;4;0;0;0;0;2
562;1;537369;433;66;59;8;13;16;1;3;22;1;11
563;1;404824;241;75;7;0;8;6;0;0;0;0;1
564;1;503878;582;182;111;5;13;16;0;3;0;1;1
565;1;431621;41;49;7;1;1;5;0;0;0;0;5
566;1;378392;64;46;43;18;5;15;0;0;2;8;1
567;1;484678;108;5;3;62;0;2;0;6;0;0;2
568;1;491475;26;2;3;0;0;0;0;0;0;1;1
569;1;311248;628;192;32;17;26;12;1;14;2;0;2
570;1;497931;133;10;2;63;1;2;0;6;0;0;2
571;1;863046;277;57;52;18;4;0;0;0;5;0;1
572;1;358521;92;15;13;1;2;19;1;0;0;0;4
573;1;1022055;654;45;67;11;2;6;15;0;0;0;13
574;1;378594;0;0;0;0;0;0;0;0;0;0;0
575;1;425088;0;0;0;0;0;0;0;0;0;0;0
576;1;491508;0;0;0;0;0;0;0;0;0;0;0
577;1;325458;0;0;0;0;0;0;0;0;0;0;0
578;1;418446;0;0;0;0;0;0;0;0;0;0;0
579;1;484866;0;0;0;0;0;0;0;0;0;0;0
580;1;66215;0;0;0;0;0;0;0;0;0;0;0
581;1;305532;0;0;0;0;0;0;0;0;0;0;0
582;1;538002;0;0;0;0;0;0;0;0;0;0;0
583;1;365310;0;0;0;0;0;0;0;0;0;0;0
584;1;450820;561;141;0;65;18;37;0;0;13;0;1
585;1;279713;421;132;0;52;102;13;0;6;0;0;1
586;1;471410;61;20;10;70;1;2;0;6;0;0;2
587;1;411645;140;6;1;2;0;5;1;1;2;0;1
588;1;378578;0;0;0;0;0;14;0;0;0;0;2
589;1;299774;52;42;8;0;3;12;0;0;0;0;24
590;1;457633;220;297;40;6;73;4;21;1;0;1;2
591;1;358668;0;0;0;0;0;0;0;0;0;0;0
592;1;458298;0;0;0;0;0;0;0;0;0;0;0
593;1;298890;0;0;0;0;0;0;0;0;0;0;0
594;1;431730;0;0;0;0;0;0;0;0;0;0;0
595;1;352026;0;0;0;0;0;0;0;0;0;0;0
596;1;338742;0;0;0;0;0;0;0;0;0;0;0
597;1;50635;0;0;0;0;0;0;0;0;0;0;0
598;1;365310;0;0;0;0;0;0;0;0;0;0;0
599;1;233700;0;0;0;0;0;0;0;0;0;0;0
600;1;338742;0;0;0;0;0;0;0;0;0;0;0
601;1;1108294;667;86;74;4;14;57;10;6;0;0;2
602;1;431337;199;44;91;13;2;28;0;14;0;0;2
603;1;10156;0;19;0;11;0;0;7;0;6;0;1
604;1;325217;112;75;19;6;8;10;0;0;10;0;1
605;1;397818;500;116;38;19;13;3;4;0;8;0;1
606;1;616863;530;113;49;104;0;10;35;0;0;0;2
607;1;358444;84;45;75;16;0;0;0;2;0;0;2
608;1;411440;242;15;26;30;15;0;13;0;21;0;2
609;1;603814;450;96;37;18;1;4;0;0;0;0;2
610;1;364924;138;0;214;11;0;6;0;0;15;1;1
611;1;391816;26;1;2;13;13;6;0;0;0;0;1
612;1;602490;1230;360;170;78;23;25;26;16;2;0;2
613;1;457992;163;76;27;16;12;0;7;0;3;0;2
614;1;351891;50;10;64;6;2;0;0;0;0;0;3
615;1;54530;0;0;0;0;0;0;0;0;0;0;0
616;1;193940;132;84;24;10;15;13;4;0;0;1;2
617;1;1134010;1314;224;82;40;21;4;14;0;57;10;6
618;1;537906;23;62;2;3;4;0;0;0;0;0;2
619;1;484092;558;98;71;24;1;4;14;0;1;0;3
620;1;464535;278;17;25;72;2;2;1;6;0;0;2
621;1;365310;0;0;0;0;0;0;0;0;0;0;0
622;1;504291;320;70;30;69;1;2;1;6;0;0;2
623;1;1101677;627;64;74;97;4;7;8;0;0;0;14
624;1;1140438;1421;380;101;29;21;3;14;0;1;10;6
625;1;438342;23;2;3;0;0;0;0;0;0;1;1
626;1;371719;160;26;6;28;8;0;0;2;0;0;3
627;1;248586;500;147;0;9;14;0;0;0;22;1;1
628;1;238720;308;16;23;0;17;20;0;3;0;4;1
629;1;364770;295;112;79;5;38;0;9;0;0;0;2
630;1;384962;161;33;0;63;3;1;0;0;0;0;13
631;1;624348;0;0;0;0;0;0;0;0;0;0;0
632;1;484866;0;0;0;0;0;0;0;0;0;0;0
633;1;391878;0;0;0;0;0;0;0;0;0;0;0
634;1;498150;0;0;0;0;0;0;0;0;0;0;0
635;1;365310;0;0;0;0;0;0;0;0;0;0;0
636;1;6800;0;0;0;0;0;0;0;0;0;0;0
637;1;272322;0;0;0;0;0;0;0;0;0;0;0
638;1;391878;0;0;0;0;0;0;0;0;0;0;0
639;1;378594;0;0;0;0;0;0;0;0;0;0;0
640;1;391878;0;0;0;0;0;0;0;0;0;0;0
641;1;398264;65;50;123;0;0;10;1;6;0;0;1
642;1;6120;0;0;0;0;0;0;0;0;0;0;0
643;1;384935;248;19;22;2;0;5;1;1;2;0;1
644;1;66205;0;0;0;0;0;6;0;0;0;0;4
645;1;265340;239;33;20;0;32;8;0;3;0;4;1
646;1;570415;321;0;330;35;0;29;23;0;44;1;14
647;1;1134884;639;90;75;5;14;57;10;6;0;0;2
648;1;457503;573;158;0;26;12;7;0;1;17;0;1
649;1;170857;8;24;0;15;0;8;3;0;0;0;3
650;1;378594;0;0;0;0;0;0;0;0;0;0;0
651;1;209742;0;0;8;0;0;10;0;0;0;0;3
652;1;504412;264;12;23;69;1;2;1;6;0;0;2
653;1;338539;121;10;63;6;2;0;0;0;0;0;1
654;1;384143;706;130;130;15;66;8;22;13;0;0;3
655;1;365298;0;0;0;0;0;0;0;0;0;0;12
656;1;364942;139;177;22;18;4;0;4;0;2;1;1
657;1;185606;425;218;66;90;0;27;12;1;9;1;1
658;1;642627;1037;305;152;76;18;5;31;16;2;1;4
659;1;371758;0;59;0;128;0;0;3;0;0;0;4
660;1;345283;75;3;17;0;0;0;2;2;0;0;2
661;1;1100703;1396;244;84;38;21;4;14;0;52;10;6
662;1;225785;47;53;14;1;6;1;2;0;0;0;1
663;1;371518;254;29;45;23;67;14;0;0;0;1;1
664;1;510920;357;49;58;4;13;27;0;4;0;1;1
665;1;471185;267;24;17;78;1;2;0;6;0;0;2
666;1;524469;144;39;8;4;1;52;0;0;0;0;1
667;1;147442;325;149;40;30;0;15;0;0;8;0;1
668;1;437982;269;14;26;30;15;0;13;0;21;0;2
669;1;325195;225;23;1;8;1;1;0;0;0;0;4
670;1;418197;155;6;21;17;14;0;13;0;21;0;2
671;1;1108344;624;86;72;4;14;52;10;6;0;0;2
672;1;411618;114;34;5;25;3;0;2;0;0;0;3
673;1;299287;0;335;0;193;0;31;0;61;0;4;4
674;1;358517;106;21;10;8;3;1;0;0;0;0;2
675;1;371563;148;181;22;18;4;2;10;0;2;1;1
676;1;478224;0;0;0;0;0;0;0;0;0;0;0
677;1;484866;0;0;0;0;0;0;0;0;0;0;0
678;1;398520;0;0;0;0;0;0;0;0;0;0;0
679;1;385236;0;0;0;0;0;0;0;0;0;0;0
680;1;411804;0;0;0;0;0;0;0;0;0;0;0
681;1;425088;0;0;0;0;0;0;0;0;0;0;0
682;1;611064;0;0;0;0;0;0;0;0;0;0;0
683;1;597780;0;0;0;0;0;0;0;0;0;0;0
684;1;352026;0;0;0;0;0;0;0;0;0;0;0
685;1;1074045;1456;248;110;35;21;7;14;0;52;10;6
686;1;404821;192;51;19;18;13;16;0;0;11;0;21
687;1;378463;52;17;1;54;2;0;2;0;0;0;3
688;1;596080;1098;288;149;76;21;16;26;15;3;6;2
689;1;563890;232;249;0;90;25;26;0;44;1;8;5
690;1;345213;133;0;16;0;9;0;0;6;0;0;7
691;1;391578;135;10;20;1;86;3;6;35;0;0;4
692;1;411677;63;31;5;20;3;0;2;0;0;0;3
693;1;241354;43;70;13;2;6;1;0;0;0;0;1
694;1;357714;469;287;43;8;19;117;8;2;0;0;1
695;1;331742;224;47;5;69;2;3;7;0;0;0;1
696;1;332093;0;0;0;0;0;0;0;0;0;0;7
697;1;6449;0;0;10;0;0;0;0;0;0;0;1
698;1;510383;752;0;180;28;0;26;30;0;13;1;21
699;1;391828;43;5;0;1;0;0;0;0;0;0;1
700;1;617706;0;0;0;0;0;0;0;0;0;0;0
701;1;424564;377;60;45;4;13;16;0;4;0;0;5
702;1;484488;267;13;17;69;1;2;1;6;0;0;2
703;1;292187;47;8;3;1;0;0;0;0;0;0;2
704;1;404803;128;147;29;2;42;0;9;0;0;0;2
705;1;365034;62;0;171;2;0;14;9;0;16;1;1
706;1;1094214;1275;219;82;33;21;4;14;0;52;10;6
707;1;615831;1248;296;153;78;21;26;31;15;3;0;4
708;1;285395;117;24;5;49;0;0;14;0;0;0;2
709;1;497890;155;8;23;62;1;2;1;6;0;0;2
710;1;0;0;0;0;0;0;0;0;0;0;0;0
711;1;464236;391;134;127;4;26;17;0;3;0;1;1
712;1;398200;171;51;14;18;15;15;0;0;13;0;23
713;1;62320;0;0;0;0;0;0;0;0;0;0;0
714;1;471204;242;0;82;21;0;19;4;0;5;0;5
715;1;365216;47;17;5;18;3;0;1;0;0;0;3
716;1;504418;266;15;10;72;1;2;0;6;0;0;2
717;1;438046;179;93;45;3;4;0;0;0;0;0;2
718;1;351721;98;170;5;15;0;5;2;8;0;0;2
719;1;615974;1139;274;160;71;18;25;26;15;2;0;2
720;1;344780;257;283;21;19;1;7;10;0;2;3;1
721;1;391535;0;218;0;108;0;0;13;0;0;0;4
722;1;365112;91;50;22;20;2;0;1;10;0;0;2
723;1;411066;499;57;4;73;55;8;36;1;2;1;2
724;1;411718;66;7;1;2;0;5;1;1;2;0;1
725;1;424979;41;49;7;1;1;5;0;0;0;0;5
726;1;312038;131;1;3;0;0;0;0;0;0;0;1
727;1;378594;0;0;0;0;0;0;0;0;0;0;0
728;1;630990;0;0;0;0;0;0;0;0;0;0;0
729;1;398520;0;0;0;0;0;0;0;0;0;0;0
730;1;411804;0;0;0;0;0;0;0;0;0;0;0
731;1;345384;0;0;0;0;0;0;0;0;0;0;0
732;1;332100;0;0;0;0;0;0;0;0;0;0;0
733;1;458298;0;0;0;0;0;0;0;0;0;0;0
734;1;371952;0;0;0;0;0;0;0;0;0;0;0
735;1;438372;0;0;0;0;0;0;0;0;0;0;0
736;1;437738;424;172;24;8;0;0;0;1;4;0;1
737;1;628865;1426;344;162;83;0;24;18;39;20;3;6
738;1;623557;332;160;77;25;25;26;83;20;0;1;42
739;1;331918;116;0;34;0;13;2;0;4;0;6;7
740;1;491162;251;8;8;69;0;2;0;6;0;0;2
741;1;404895;216;22;12;5;5;6;0;0;0;0;1
742;1;285374;151;11;61;6;2;0;0;0;0;0;1
743;1;155675;73;32;5;0;1;7;1;1;0;3;2
744;1;54516;7;6;0;0;0;0;0;0;0;0;1
745;1;391582;228;53;0;0;8;6;0;0;0;0;1
746;1;995642;452;52;61;63;3;7;6;0;0;0;14
747;1;491014;405;39;34;0;13;1;0;0;0;1;1
748;1;1093917;1412;301;160;33;21;4;14;0;52;10;6
749;1;371952;0;0;0;0;0;0;0;0;0;0;0
750;1;591138;0;0;0;0;0;0;0;0;0;0;0
751;1;398192;244;31;16;9;2;21;1;0;0;0;4
752;1;504445;234;0;60;20;0;19;4;0;5;0;5
753;1;371936;0;0;0;0;0;14;0;0;0;0;2
754;1;371880;53;8;1;2;0;5;0;0;0;0;3
755;1;550951;253;27;19;8;17;6;0;3;0;1;1
756;1;305378;123;22;0;3;3;1;0;0;0;0;2
757;1;484444;268;29;33;79;2;2;1;6;0;0;2
758;1;1040852;1456;246;77;49;22;4;15;0;57;10;6
759;1;384483;386;271;39;14;18;21;0;1;1;0;2
760;1;491274;130;6;24;62;1;2;1;6;0;0;2
761;1;378464;115;0;7;4;0;1;0;0;0;0;3
762;1;365130;84;43;22;20;0;0;0;9;0;0;2
763;1;596211;1007;271;142;70;18;16;26;15;2;0;2
764;1;411525;127;41;42;1;0;65;0;0;0;2;1
765;1;424808;192;41;26;14;4;1;0;0;0;0;2
766;1;477810;114;189;13;16;0;69;2;2;2;1;6
767;1;351796;97;0;71;0;11;47;0;0;0;3;1
768;1;524503;120;6;16;61;1;2;1;6;0;0;2
769;1;391543;239;74;7;0;8;6;0;0;0;0;1
770;1;292053;129;32;19;0;2;5;0;0;1;0;7
771;1;391585;160;0;44;54;0;23;1;0;6;2;3
772;1;418129;200;14;22;30;15;0;13;0;21;0;2
773;1;982591;305;28;33;13;22;19;1;0;0;0;4
774;1;371700;0;153;0;71;0;9;0;0;0;9;10
775;1;398520;0;0;0;0;0;0;0;0;0;0;0
776;1;391878;0;0;0;0;0;0;0;0;0;0;0
777;1;391878;0;0;0;0;0;0;0;0;0;0;0
778;1;385236;0;0;0;0;0;0;0;0;0;0;0
779;1;491508;0;0;0;0;0;0;0;0;0;0;0
780;1;332100;0;0;0;0;0;0;0;0;0;0;0
781;1;445014;0;0;0;0;0;0;0;0;0;0;0
782;1;445014;0;0;0;0;0;0;0;0;0;0;0
783;1;352026;0;0;0;0;0;0;0;0;0;0;0
784;1;491247;156;8;23;62;1;2;1;6;0;0;2
785;1;391534;208;47;9;67;2;3;7;0;0;0;1
786;1;264480;298;39;25;1;1;0;0;0;2;8;6
787;1;175200;48;4;4;15;0;0;0;2;0;0;2
788;1;391756;85;21;2;2;0;7;1;1;2;0;1
789;1;490023;1075;317;0;36;13;14;0;2;14;0;14
790;1;617079;459;97;46;18;1;4;0;0;0;0;2
791;1;576843;751;151;34;20;5;17;26;2;2;1;2
792;1;365211;71;15;2;4;0;5;0;0;0;0;2
793;1;491300;105;6;23;62;1;2;1;6;0;0;2
794;1;610175;393;183;82;30;18;26;88;20;6;1;42
795;1;404500;229;144;40;74;31;107;21;15;0;0;1
796;1;497812;226;15;23;62;1;2;1;6;0;0;2
797;1;497701;327;15;25;70;1;2;1;6;0;0;2
798;1;365100;93;50;22;30;2;0;1;10;0;0;2
799;1;1101463;798;118;80;4;15;63;14;14;1;0;2
800;1;398520;0;0;0;0;0;0;0;0;0;0;0
801;1;463858;529;296;172;5;22;46;0;5;0;1;6
802;1;62306;7;6;0;0;0;0;0;0;0;0;1
803;1;424856;117;86;0;23;0;4;0;0;0;0;2
804;1;430728;720;178;0;47;16;9;0;1;17;0;14
805;1;391742;116;6;10;0;0;2;0;0;0;1;1
806;1;284810;461;288;0;9;13;9;0;1;14;0;1
807;1;590413;538;106;58;17;0;4;0;0;0;0;2
808;1;358324;216;31;57;19;15;0;4;0;1;0;1
809;1;630327;478;96;56;23;1;7;0;0;0;0;2
810;1;391528;198;72;14;19;3;36;1;1;2;3;1
811;1;305139;201;20;13;25;68;18;2;5;37;3;1
812;1;498122;21;2;3;0;0;0;0;0;0;1;1
813;1;318163;390;142;0;28;66;7;0;4;4;5;7
814;1;305338;82;96;11;3;0;0;0;0;0;0;2
815;1;398467;35;11;0;2;2;0;0;0;0;0;3
816;1;291734;0;241;0;91;0;23;0;31;0;3;2
817;1;331737;152;0;77;0;94;10;0;9;0;8;13
818;1;622541;1123;339;179;80;25;16;26;15;2;0;2
819;1;365284;0;0;0;0;0;19;0;0;0;0;7
820;1;344958;220;50;93;24;12;1;23;0;1;0;2
821;1;391642;146;56;27;1;0;0;0;2;2;1;1
822;1;511181;143;13;21;63;2;2;1;6;0;0;2
823;1;398178;242;31;52;0;9;4;0;0;2;1;1
824;1;444482;379;52;65;1;17;14;0;0;0;2;2
825;1;1115683;95;24;47;0;0;5;0;0;0;0;2
826;1;464940;0;0;0;0;0;0;0;0;0;0;0
827;1;345384;0;0;0;0;0;0;0;0;0;0;0
828;1;518076;0;0;0;0;0;0;0;0;0;0;0
829;1;332100;0;0;0;0;0;0;0;0;0;0;0
830;1;358668;0;0;0;0;0;0;0;0;0;0;0
831;1;405162;0;0;0;0;0;0;0;0;0;0;0
832;1;604422;0;0;0;0;0;0;0;0;0;0;0
833;1;524718;0;0;0;0;0;0;0;0;0;0;0
834;1;418159;181;34;20;36;1;1;0;0;1;12;1
835;1;345113;151;40;11;25;12;16;14;0;0;0;2
836;1;1120626;1410;238;84;33;21;4;14;0;52;10;6
837;1;384205;618;184;70;90;52;1;9;5;0;0;2
838;1;351585;159;109;54;8;0;48;0;9;0;53;1
839;1;371680;148;58;39;3;15;3;0;1;4;0;1
840;1;364866;189;185;22;28;4;0;10;0;2;3;1
841;1;371952;0;0;0;0;0;0;0;0;0;0;0
842;1;345211;142;8;17;0;0;0;2;2;0;0;2
843;1;477827;267;24;17;78;1;2;0;6;0;0;2
844;1;589580;981;288;132;73;23;16;26;15;2;0;2
845;1;423933;895;192;0;39;9;6;0;0;13;0;1
846;1;398269;122;70;19;13;19;0;1;1;0;0;6
847;1;338143;253;283;21;18;1;7;10;0;2;3;1
848;1;616842;552;120;36;103;6;10;35;0;0;0;2
849;1;371602;175;129;18;13;4;0;7;0;2;1;1
850;1;425088;0;0;0;0;0;0;0;0;0;0;0
851;1;338562;86;74;6;1;4;0;7;0;0;0;2
852;1;365217;68;6;4;5;0;5;1;1;2;0;1
853;1;338191;328;183;0;8;9;9;0;0;13;0;1
854;1;365208;56;15;9;15;0;5;0;0;0;0;2
855;1;615920;1161;290;163;76;18;26;31;15;2;0;4
856;1;351789;35;0;168;2;0;14;0;0;16;1;1
857;1;444650;265;39;25;0;17;14;0;0;2;1;1
858;1;371834;56;34;14;5;4;0;2;0;0;0;3
859;1;384900;176;0;136;0;8;1;0;6;0;2;7
860;1;256685;302;40;25;1;1;0;0;0;2;8;6
861;1;312038;99;21;2;8;3;1;0;0;0;0;2
862;1;155655;87;24;0;22;0;2;2;2;0;4;2
863;1;617099;449;96;37;18;1;4;0;0;0;0;2
864;1;1094214;1275;219;82;33;21;4;14;0;52;10;6
865;1;208648;202;28;33;15;1;4;0;3;0;0;2
866;1;233622;8;47;14;1;6;1;0;0;0;0;1
867;1;497755;277;11;25;70;1;2;1;6;0;0;2
868;1;1095060;624;86;72;4;14;52;10;6;0;0;2
869;1;471188;134;107;105;6;18;13;0;1;4;0;6
870;1;417945;133;283;26;31;20;1;1;4;0;0;2
871;1;404038;663;288;53;33;5;4;30;34;7;6;1
872;1;609384;1041;315;161;84;25;3;26;15;2;6;2
873;1;398421;0;52;0;26;0;8;0;6;0;3;4
874;1;371952;0;0;0;0;0;0;0;0;0;0;0
875;1;411804;0;0;0;0;0;0;0;0;0;0;0
876;1;151905;0;0;0;0;0;0;0;0;0;0;0
877;1;391878;0;0;0;0;0;0;0;0;0;0;0
878;1;484866;0;0;0;0;0;0;0;0;0;0;0
879;1;159695;0;0;0;0;0;0;0;0;0;0;0
880;1;511434;0;0;0;0;0;0;0;0;0;0;0
881;1;1049436;0;0;0;0;0;0;0;0;0;0;0
882;1;497805;242;24;54;4;13;1;0;3;2;1;1
883;1;424797;194;12;21;15;15;0;11;0;21;0;2
884;1;378594;0;0;0;0;0;0;0;0;0;0;0
885;1;331897;120;10;62;6;2;0;0;0;0;0;3
886;1;298572;143;62;77;28;2;1;0;3;0;0;2
887;1;378260;206;0;48;0;16;6;0;42;0;0;16
888;1;451217;251;44;65;4;17;1;1;3;0;1;52
889;1;365310;0;0;0;0;0;0;0;0;0;0;0
890;1;305254;147;53;53;7;8;0;6;0;3;0;1
891;1;371470;214;192;22;30;4;3;11;0;2;3;1
892;1;517839;131;8;24;62;1;2;1;6;0;0;2
893;1;504749;10;12;14;0;0;4;0;0;0;0;3
894;1;186960;0;0;0;0;0;0;0;0;0;0;0
895;1;332100;0;0;0;0;0;0;0;0;0;0;0
896;1;405162;0;0;0;0;0;0;0;0;0;0;0
897;1;637632;0;0;0;0;0;0;0;0;0;0;0
898;1;923238;0;0;0;0;0;0;0;0;0;0;0
899;1;285606;0;0;0;0;0;0;0;0;0;0;0
900;1;637632;0;0;0;0;0;0;0;0;0;0;0
901;1;159674;10;5;4;0;0;0;0;0;1;0;1
902;1;305364;136;0;11;0;6;5;0;6;0;0;4
903;1;345093;179;32;50;16;8;0;3;0;1;0;2
904;1;622563;1158;296;156;76;18;27;31;16;2;1;4
905;1;622620;1136;270;152;75;0;18;28;26;15;2;6
906;1;563741;596;161;9;10;5;2;5;19;20;1;1
907;1;491321;104;5;7;61;0;2;0;6;0;0;2
908;1;260773;87;26;0;35;31;2;0;0;2;0;9
909;1;397235;663;435;58;34;13;4;30;34;7;6;1
910;1;648904;1289;369;177;82;26;16;31;15;3;0;4
911;1;338308;254;29;45;23;67;14;0;0;0;1;1
912;1;358490;82;43;22;20;0;0;0;9;0;0;2
913;1;1101699;625;86;74;4;14;52;10;6;0;0;2
914;1;403831;678;461;61;37;0;13;4;30;34;7;6
915;1;484461;278;17;25;72;2;2;1;6;0;0;2
916;1;504211;339;55;92;82;2;2;1;6;0;0;2
917;1;1094045;1357;293;94;34;21;4;14;0;52;10;6
918;1;364887;282;23;25;6;0;2;11;8;0;0;66
919;1;504199;353;114;41;4;17;29;1;0;22;1;11
920;1;364598;479;139;0;23;4;9;0;53;0;3;2
921;1;318482;201;87;1;16;1;11;0;4;6;2;5
922;1;484866;0;0;0;0;0;0;0;0;0;0;0
923;1;358668;0;0;0;0;0;0;0;0;0;0;0
924;1;6120;0;0;0;0;0;0;0;0;0;0;0
925;1;257070;0;0;0;0;0;0;0;0;0;0;0
926;1;391878;0;0;0;0;0;0;0;0;0;0;0
927;1;524718;0;0;0;0;0;0;0;0;0;0;0
928;1;478224;0;0;0;0;0;0;0;0;0;0;0
929;1;358668;0;0;0;0;0;0;0;0;0;0;0
930;1;1135782;0;0;0;0;0;0;0;0;0;0;0
931;1;484647;91;51;3;5;0;61;0;0;2;0;6
932;1;370587;744;324;135;23;87;19;14;14;2;1;2
933;1;398402;56;34;14;5;4;0;2;0;0;0;3
934;1;557613;194;0;58;3;0;1;4;0;47;1;7
935;1;325295;79;0;26;0;10;44;0;0;0;3;1
936;1;338655;53;4;9;6;6;6;0;2;0;0;1
937;1;484418;293;29;34;79;2;2;1;6;0;0;2
938;1;444438;502;31;22;14;0;3;1;1;0;0;2
939;1;291734;0;241;0;91;0;23;0;31;0;3;2
940;1;331932;137;6;5;0;6;4;7;0;0;0;3
941;1;503991;589;58;132;1;18;1;0;0;0;1;1
942;1;504332;162;178;28;47;7;0;0;4;0;0;34
943;1;703668;242;27;87;2;4;19;0;0;1;0;2
944;1;385121;27;0;35;0;6;0;0;38;0;0;9
945;1;398323;78;41;0;22;1;43;0;1;9;0;2
946;1;403877;663;435;58;34;13;4;30;34;7;6;1
947;1;491131;277;11;9;70;0;2;0;6;0;0;2
948;1;377795;351;295;42;54;6;36;10;1;2;1;1
949;1;358278;156;0;201;11;0;6;9;0;5;1;1
950;1;352026;0;0;0;0;0;0;0;0;0;0;0
951;1;470596;601;306;0;31;13;16;0;1;17;0;1
952;1;1153814;1353;235;151;47;22;4;14;0;52;10;6
953;1;305126;339;37;0;3;12;1;0;0;13;0;1
954;1;251149;823;236;46;15;25;85;1;15;0;0;1
955;1;484248;378;81;106;3;30;15;0;3;0;1;1
956;1;11184;0;18;0;4;0;0;7;0;6;0;1
957;1;451446;68;52;23;2;6;5;1;0;2;0;51
958;1;451252;259;27;27;78;2;2;1;6;0;0;2
959;1;424873;141;4;20;2;14;0;11;0;21;0;2
960;1;490730;365;84;109;43;16;16;82;20;0;1;42
961;1;245267;91;14;9;2;0;0;0;0;0;0;2
962;1;457912;249;0;83;21;0;19;4;0;5;0;5
963;1;378337;207;20;6;4;1;15;0;0;0;0;4
964;1;358668;0;0;0;0;0;0;0;0;0;0;0
965;1;331781;107;0;116;0;45;2;0;39;0;1;9
966;1;219058;102;20;1;1;0;2;0;0;0;0;2
967;1;311366;405;291;18;8;0;68;2;14;0;0;2
968;1;351663;249;7;20;1;0;1;11;8;0;0;66
969;1;477924;214;52;5;9;5;6;5;0;0;0;4
970;1;404182;637;0;240;40;0;12;25;0;11;1;14
971;1;444457;240;82;165;23;3;28;0;14;0;0;2
972;1;132392;24;3;0;0;4;2;3;1;0;0;1
973;1;504012;425;185;125;1;13;29;0;0;0;1;1
974;1;353978;337;45;42;1;20;1;0;0;2;9;10
975;1;365206;53;16;31;2;0;0;0;0;0;0;2
976;1;385236;0;0;0;0;0;0;0;0;0;0;0
977;1;604422;0;0;0;0;0;0;0;0;0;0;0
978;1;451656;0;0;0;0;0;0;0;0;0;0;0
979;1;358668;0;0;0;0;0;0;0;0;0;0;0
980;1;352026;0;0;0;0;0;0;0;0;0;0;0
981;1;1102572;0;0;0;0;0;0;0;0;0;0;0
982;1;411804;0;0;0;0;0;0;0;0;0;0;0
983;1;1100887;1270;221;65;29;14;4;14;0;52;10;6
984;1;411480;237;0;30;0;47;4;0;0;0;5;1
985;1;411527;133;89;44;3;4;0;0;0;2;0;2
986;1;623699;389;28;72;13;97;3;6;35;2;0;4
987;1;140844;185;84;31;15;10;0;0;1;3;0;1
988;1;553197;387;32;38;6;32;7;5;6;5;6;4
989;1;538478;321;120;37;27;6;0;9;2;9;6;4
990;1;138519;121;152;55;24;4;10;9;0;0;0;3
991;1;162201;86;28;1;8;5;3;0;0;4;1;1
992;1;967319;126;79;26;2;1;2;1;1;2;0;1
993;1;213213;83;3;3;0;1;0;0;0;0;0;1
994;1;986533;352;63;19;0;2;0;0;0;0;0;1
995;1;1001921;415;171;191;35;27;110;23;0;1;7;41
996;1;314788;312;45;40;1;6;7;0;0;1;6;2
997;1;715905;247;64;37;4;9;8;6;2;0;0;1
998;1;462481;108;7;1;0;0;2;0;0;0;0;1
999;1;683568;365;56;32;31;36;18;5;11;0;2;2
1000;1;187812;0;0;0;0;0;0;0;0;0;0;0
1001;1;215484;0;0;0;0;0;2;0;0;0;0;2
1002;1;263816;76;17;12;3;3;6;0;0;0;0;1
1003;1;690331;239;100;49;4;27;10;0;3;0;0;5
1004;1;176654;17;3;4;0;0;0;0;0;0;1;1
1005;1;311144;95;78;17;18;2;7;2;0;0;0;1
1006;1;623616;358;224;67;60;5;14;0;2;0;0;2
1007;1;2439;0;0;0;0;0;0;0;0;0;0;0
1008;1;106716;15;13;1;1;0;0;5;1;0;1;2
1009;1;263790;51;23;7;10;6;5;2;0;0;0;4
1010;1;1040425;113;42;6;7;2;3;0;0;0;0;2
1011;1;429888;97;17;11;5;4;8;2;1;0;0;1
1012;1;234213;134;59;32;32;2;10;2;4;1;0;5
1013;1;389262;593;277;56;37;0;11;19;2;2;4;1
1014;1;253700;0;0;0;0;0;0;0;0;0;0;0
1015;1;1047210;0;0;0;0;0;0;0;0;0;0;0
1016;1;509427;0;0;0;0;0;0;0;0;0;0;0
1017;1;78647;0;0;0;0;0;0;0;0;0;0;0
1018;1;195286;0;0;0;0;0;0;0;0;0;0;0
1019;1;643454;478;106;39;31;117;1;6;36;2;0;4
1020;1;816491;343;89;16;19;2;0;0;0;5;0;1
1021;1;1071160;106;58;12;30;23;2;1;2;0;0;1
1022;1;87009;49;7;3;2;0;1;0;1;0;0;1
1023;1;650279;400;24;38;20;13;78;19;3;5;35;2
1024;1;1174171;168;58;8;23;12;4;0;1;0;0;1
1025;1;132031;19;5;2;2;2;2;1;1;0;0;1
1026;1;684403;509;257;56;72;10;15;2;13;12;7;3
1027;1;7548;0;0;0;0;0;0;0;0;0;0;0
1028;1;127287;140;43;13;15;5;5;1;2;0;0;1
1029;1;132137;32;8;0;2;0;0;1;2;2;0;3
1030;1;643618;306;75;120;99;1;13;36;3;2;0;1
1031;1;49983;26;78;5;0;0;0;1;0;0;0;1
1032;1;65904;116;6;4;1;0;0;0;1;0;0;1
1033;1;61299;91;0;51;0;24;5;0;4;0;0;5
1034;1;124217;104;0;49;11;0;6;0;0;0;1;1
1035;1;624163;162;14;0;2;0;0;1;1;1;2;2
1036;1;179323;77;0;15;23;0;0;6;0;3;0;5
1037;1;134130;235;148;16;35;5;3;1;3;0;1;12
1038;1;1068503;137;68;62;3;6;1;0;0;0;1;1
1039;1;575889;119;97;26;4;1;0;0;1;0;0;1
1040;1;476401;81;9;6;1;2;0;0;1;0;0;1
1041;1;251570;118;47;11;42;2;4;1;0;2;0;13
1042;1;324363;150;28;23;6;1;2;0;0;1;1;1
1043;1;658435;236;44;24;14;9;5;0;0;0;0;1
1044;1;611169;38;77;26;2;1;2;2;4;0;0;1
1045;1;4624;0;0;0;0;0;0;0;0;0;0;0
1046;1;274169;0;0;0;0;0;0;0;0;0;0;0
1047;1;46970;0;0;0;0;0;0;0;0;0;0;0
1048;1;85312;0;0;0;0;0;0;0;0;0;0;0
1049;1;553653;0;0;0;0;0;0;0;0;0;0;0
1050;1;8103;0;0;0;0;0;0;0;0;0;0;0
1051;1;509310;252;127;22;13;4;2;4;2;8;4;3
1052;1;1119542;218;85;20;26;14;3;0;2;0;0;1
1053;1;519093;254;105;9;12;6;0;6;5;10;4;3
1054;1;512067;90;12;15;0;0;0;1;1;3;0;1
1055;1;690375;107;13;31;7;0;18;4;2;1;0;2
1056;1;59938;25;0;12;0;3;4;0;0;0;2;1
1057;1;134821;83;14;14;4;0;1;0;0;0;0;1
1058;1;138735;0;177;0;116;0;0;10;0;14;0;4
1059;1;362060;96;66;56;23;2;49;0;0;14;0;12
1060;1;30438;7;0;0;0;0;0;0;0;0;1;1
1061;1;427695;324;150;28;19;3;0;21;0;9;4;4
1062;1;496986;432;55;49;7;4;3;12;6;1;0;1
1063;1;562785;339;154;43;36;11;5;11;5;9;4;7
1064;1;637412;123;31;23;16;12;6;3;2;1;0;3
0;1;366945;208;83;13;10;2;4;1;2;0;4;11
1;1;302960;165;18;11;1;2;2;1;0;2;6;2
2;1;220706;130;87;22;22;2;1;15;0;1;3;1
3;1;91081;72;27;11;13;1;0;2;12;0;2;3
4;1;221892;69;23;19;1;0;6;0;0;4;0;1
5;1;369713;133;15;20;10;7;4;2;5;0;0;1
6;1;142922;272;108;22;14;1;6;0;0;0;6;1
7;1;212915;104;32;14;2;0;0;0;0;0;0;3
8;1;204869;61;6;15;0;4;2;2;0;0;0;1
9;1;291888;181;11;20;16;2;1;1;3;0;0;2
10;1;325050;0;0;0;0;0;0;0;0;0;0;0
11;1;442463;274;14;33;34;1;2;0;6;1;4;1
12;1;258919;55;43;6;10;0;0;3;4;5;1;4
13;1;248945;86;49;8;2;15;3;6;0;0;0;2
14;1;258041;158;0;42;0;10;22;0;5;0;1;6
15;1;110463;42;3;4;3;0;0;1;0;0;0;1
16;1;325496;315;59;0;8;6;0;0;0;12;0;3
17;1;386974;127;0;44;13;0;4;1;0;14;0;3
18;1;81438;45;18;3;3;4;1;1;2;0;0;7
19;1;204905;116;16;17;8;2;3;5;0;1;0;2
20;1;642122;379;63;59;2;8;25;10;6;0;0;1
21;1;223779;113;63;9;18;0;11;2;0;3;1;6
22;1;352850;58;0;21;0;4;1;0;0;0;0;1
23;1;195610;0;0;0;0;0;0;0;0;0;0;0
24;1;218781;0;0;0;0;0;0;0;0;0;0;0
25;1;201448;0;0;0;0;0;0;0;0;0;0;0
26;1;78631;11;0;4;0;0;0;0;0;0;0;1
27;1;81057;162;49;23;11;0;0;1;5;1;2;2
28;1;292786;104;59;2;14;0;5;1;3;2;1;3
29;1;193795;0;145;0;105;0;19;0;24;0;8;3
30;1;197788;84;0;107;10;0;41;7;0;6;17;1
31;1;182313;386;0;104;64;0;22;27;0;6;1;2
32;1;5994;0;0;0;0;0;0;0;0;0;0;0
33;1;211134;123;45;48;27;3;9;17;10;2;0;2
34;1;237391;64;10;8;7;2;1;4;0;0;0;5
35;1;238928;105;33;23;20;1;2;0;7;0;0;1
36;1;352211;186;108;17;21;0;13;10;5;1;3;9
37;1;227799;64;0;15;7;0;0;3;0;0;11;1
38;1;572297;295;8;25;37;1;4;1;6;0;0;2
39;1;211362;37;14;2;2;1;0;0;0;0;0;2
40;1;4544;0;0;10;0;0;0;0;0;1;0;1
41;1;144916;44;8;2;1;1;0;3;0;2;0;4
42;1;385335;137;15;23;11;7;4;2;5;0;0;1
43;1;5165;0;0;0;0;0;0;0;0;0;0;3
44;1;105801;44;15;5;10;5;0;1;0;0;0;4
45;1;167109;96;2;1;1;0;0;0;1;1;3;1
46;1;343715;673;266;51;38;11;12;2;4;6;7;1
47;1;387953;0;0;0;0;0;17;0;0;0;0;5
48;1;481089;0;0;0;0;0;0;0;0;0;0;0
49;1;305368;0;0;0;0;0;0;0;0;0;0;0
50;1;100893;0;0;0;0;0;0;0;0;0;0;0
51;1;342256;326;110;40;3;4;1;0;2;2;10;6
52;1;159352;23;11;1;0;0;0;1;0;0;0;2
53;1;305260;85;61;7;14;0;2;1;2;3;1;6
54;1;234259;104;60;8;1;0;3;13;0;0;0;2
55;1;89499;26;0;40;10;0;5;9;0;3;2;1
56;1;114389;128;0;61;0;17;27;0;5;0;4;2
57;1;191918;0;0;0;0;0;0;0;0;0;0;1
58;1;431049;0;223;0;95;0;28;0;31;0;1;3
59;1;230384;105;36;23;21;1;2;0;7;0;0;1
60;1;108971;97;37;10;8;1;0;1;2;0;2;5
61;1;401047;209;47;8;45;0;3;19;0;0;0;2
62;1;65557;32;10;0;12;2;0;7;1;0;9;2
63;1;203006;141;25;28;0;1;1;0;0;0;0;1
64;1;244930;100;0;17;35;0;8;1;0;3;2;2
65;1;488704;0;0;0;0;0;0;0;0;0;0;0
66;1;369024;0;0;0;0;0;0;0;0;0;0;0
67;1;226310;0;0;0;0;0;0;0;0;0;0;0
68;1;328790;0;0;0;0;0;0;0;0;0;0;0
69;1;187850;10;9;3;0;0;4;2;0;0;0;2
70;1;307233;14;7;5;5;0;0;2;0;0;0;2
71;1;211289;99;75;5;10;0;1;0;1;0;0;1
72;1;157330;103;17;40;3;1;2;1;6;0;0;1
73;1;251982;74;56;7;9;0;3;3;0;5;0;3
74;1;218003;191;0;48;0;16;27;0;8;0;3;4
75;1;22766;0;26;0;13;0;0;0;0;0;0;1
76;1;18996;15;13;5;0;2;4;2;0;0;1;2
77;1;191610;219;0;60;0;34;17;0;14;0;2;2
78;1;316161;171;33;5;2;1;8;0;0;1;0;1
79;1;324040;227;135;0;24;63;3;0;1;3;2;2
80;1;121312;25;9;0;1;0;3;0;0;1;0;1
81;1;181849;134;67;7;7;3;3;1;5;0;2;13
82;1;185439;23;5;0;0;0;2;0;0;0;0;3
83;1;248437;392;185;33;19;0;6;2;31;4;2;5
84;1;311529;539;162;35;37;11;17;6;3;3;0;3
85;1;4959;0;0;0;0;0;1;0;0;0;0;4
86;1;185183;67;0;14;4;0;0;2;0;2;0;2
87;1;202093;53;27;4;5;0;8;0;2;0;0;2
88;1;290237;180;0;56;16;0;50;7;0;2;0;2
89;1;184680;16;5;2;2;1;3;0;0;0;6;1
90;1;427023;127;104;7;14;5;10;1;1;0;2;1
91;1;294333;203;48;35;6;11;11;0;6;10;2;1
92;1;232873;417;119;27;31;6;10;4;0;2;6;1
93;1;181380;89;75;11;5;9;7;1;28;1;0;2
94;1;166106;54;47;1;7;0;5;0;0;0;0;1
95;1;289015;132;18;17;3;1;3;0;0;0;0;2
96;1;114519;0;0;0;0;0;0;0;0;0;0;0
97;1;119511;0;0;0;0;0;0;0;0;0;0;0
98;1;257665;0;0;0;0;0;0;0;0;0;0;0
99;1;160979;0;0;0;0;0;0;0;0;0;0;0
100;1;305207;0;0;0;0;0;0;0;0;0;0;0
101;1;110622;117;13;11;5;2;0;1;0;0;0;1
102;1;254414;78;0;114;5;0;13;0;0;12;4;4
103;1;357119;191;44;6;0;1;10;1;0;0;0;2
104;1;204082;116;0;62;0;30;10;0;5;0;7;3
105;1;114676;94;50;6;11;2;1;12;1;0;0;3
106;1;101184;61;22;6;7;2;3;0;1;1;0;2
107;1;222554;202;93;36;31;28;1;6;0;0;0;1
108;1;138870;55;56;14;5;6;9;0;0;0;7;1
109;1;169433;138;0;36;2;0;4;0;0;5;1;1
110;1;4079;0;0;0;0;0;0;0;0;0;0;1
111;1;113774;44;10;7;2;5;1;5;0;1;0;1
112;1;354062;142;36;30;1;4;2;0;2;0;0;1
113;1;263651;0;107;0;46;0;3;0;4;0;7;5
114;1;99235;35;2;11;1;0;3;5;0;0;0;2
115;1;259258;133;0;30;0;31;12;0;8;0;3;7
116;1;520575;0;0;0;0;0;0;0;0;0;0;0
117;1;153657;0;0;0;0;0;0;0;0;0;0;0
118;1;85296;0;0;0;0;0;0;0;0;0;0;0
119;1;204315;0;0;0;0;0;0;0;0;0;0;0
120;1;97735;0;0;0;0;0;0;0;0;0;0;0
121;1;627095;0;0;0;0;0;0;0;0;0;0;0
122;1;145621;0;0;0;0;0;0;0;0;0;0;0
123;1;81132;11;0;0;0;0;0;0;0;0;0;1
124;1;151634;57;55;5;10;0;3;2;4;1;1;2
125;1;203396;129;165;15;9;2;2;8;3;0;0;3
126;1;164835;0;0;0;0;0;0;0;0;0;0;0
127;1;180684;0;0;0;0;0;0;0;0;0;0;0
128;1;319390;0;0;0;0;0;0;0;0;0;0;0
129;1;176717;0;0;0;0;0;0;0;0;0;0;0
130;1;2312;0;0;0;0;0;0;0;0;0;0;0
131;1;164738;0;0;0;0;0;0;0;0;0;0;0
132;1;152280;0;0;0;0;0;0;0;0;0;0;0
133;1;362882;50;1;0;0;0;0;0;0;0;0;1
134;1;116780;63;36;12;3;1;3;0;0;0;7;2
135;1;269202;78;28;0;21;1;0;0;1;3;0;1
136;1;244865;110;49;35;14;11;5;1;1;0;5;2
137;1;217707;0;34;0;17;0;2;0;6;0;0;4
138;1;207447;68;33;7;4;0;0;16;0;0;0;1
139;1;254788;90;54;19;13;0;5;0;1;3;1;2
140;1;366254;102;0;52;7;0;3;1;0;0;0;1
141;1;120715;77;22;17;1;0;2;0;1;0;0;1
142;1;205394;95;0;30;2;0;4;2;0;1;0;7
143;1;296740;228;52;7;8;1;4;0;1;1;0;2
144;1;127431;0;39;0;27;0;4;0;2;0;5;4
145;1;347516;762;226;0;109;37;7;0;0;18;2;13
146;1;192101;0;50;0;19;0;7;0;22;0;0;1
147;1;327960;170;0;88;0;2;4;0;1;0;1;4
148;1;190874;53;4;12;2;3;0;1;0;0;0;1
149;1;383042;186;61;40;23;17;2;14;6;0;0;3
150;1;137811;0;0;0;0;0;0;0;0;0;0;0
151;1;608510;435;58;32;18;4;3;52;13;3;2;1
152;1;241442;280;65;22;25;6;7;6;0;10;6;1
153;1;347786;353;53;51;20;20;1;0;2;0;1;5
154;1;232128;144;108;16;21;1;4;12;1;2;2;1
155;1;91212;8;0;2;0;0;0;0;0;0;0;2
156;1;210694;0;0;0;0;0;0;0;0;0;0;0
157;1;630416;0;0;0;0;0;0;0;0;0;0;0
158;1;129311;0;0;0;0;0;0;0;0;0;0;0
159;1;62520;0;0;0;0;0;0;0;0;0;0;0
160;1;351654;66;23;7;5;0;5;0;0;1;1;2
161;1;117244;28;4;8;3;0;0;0;0;0;0;1
162;1;27324;0;0;0;0;0;0;0;0;0;0;0
163;1;163483;71;22;35;0;4;0;1;0;1;0;1
164;1;378070;121;19;3;1;2;1;7;1;2;0;1
165;1;324530;329;117;0;29;7;14;0;5;0;15;4
166;1;178450;0;0;0;0;0;0;0;0;0;0;1
167;1;123558;45;24;11;0;5;3;0;0;0;0;2
168;1;255078;90;44;8;65;0;2;0;2;0;0;1
169;1;102275;105;11;1;1;1;1;0;0;0;0;1
170;1;180679;56;10;11;5;3;0;1;0;0;0;1
171;1;366974;121;113;17;32;0;11;3;7;1;2;2
172;1;99473;27;2;5;4;0;0;0;0;0;0;1
173;1;176512;55;53;25;10;4;11;0;1;1;7;1
174;1;674052;689;137;68;25;15;3;8;2;0;15;10
175;1;137106;46;2;6;5;4;0;1;1;0;0;1
176;1;200429;361;94;0;6;20;13;0;1;2;0;2
177;1;163842;42;34;4;11;0;6;0;3;0;1;1
178;1;156438;115;109;10;10;2;1;2;4;0;2;9
179;1;245992;386;113;67;10;52;6;11;2;1;0;2
180;1;205167;36;31;27;6;50;0;2;0;1;1;1
181;1;84704;2;0;1;0;0;0;0;0;0;0;1
182;1;268514;287;71;54;36;17;4;6;0;5;0;2
183;1;185921;132;41;27;10;5;2;4;0;1;0;2
184;1;296294;286;92;12;9;2;0;1;1;1;0;2
185;1;313239;91;22;40;8;0;4;1;1;0;0;2
186;1;129721;0;0;0;0;0;0;0;0;0;0;0
187;1;103066;0;0;0;0;0;0;0;0;0;0;0
188;1;110517;0;0;0;0;0;0;0;0;0;0;0
189;1;432796;0;0;0;0;0;0;0;0;0;0;0
190;1;106620;0;0;0;0;0;0;0;0;0;0;0
191;1;25840;0;0;0;0;0;0;0;0;0;0;0
192;1;217602;0;0;0;0;0;0;0;0;0;0;0
193;1;81144;0;0;0;0;0;0;0;0;0;0;0
194;1;201798;0;0;0;0;0;0;0;0;0;0;0
195;1;241643;50;49;9;14;0;3;4;0;5;0;3
196;1;168616;180;0;55;21;0;13;7;0;1;0;3
197;1;394824;536;150;0;46;24;9;0;7;1;2;1
198;1;598364;0;0;0;0;0;0;0;0;0;0;0
199;1;227900;0;0;0;0;0;0;0;0;0;0;0
200;1;117282;0;0;0;0;0;0;0;0;0;0;0
201;1;180663;75;7;6;5;6;0;0;2;0;0;2
202;1;95886;27;14;12;7;0;7;0;1;0;0;4
203;1;667548;173;32;54;1;4;15;0;0;1;0;2
204;1;526522;209;75;30;29;9;5;0;4;1;0;1
205;1;605394;0;0;0;0;0;0;0;0;0;0;0
206;1;265710;0;0;0;0;0;0;0;0;0;0;0
207;1;98532;0;0;0;0;0;0;0;0;0;0;0
208;1;332509;63;7;4;2;1;0;2;1;2;0;2
209;1;159943;17;12;1;0;0;1;0;0;0;0;4
210;1;124219;85;0;53;6;0;10;9;0;5;0;2
211;1;117829;16;2;2;0;0;0;0;0;0;2;1
212;1;152899;0;78;0;53;0;9;0;12;0;8;3
213;1;205055;105;105;15;21;0;3;12;1;2;2;1
214;1;1296708;466;141;38;5;46;6;5;1;0;6;1
215;1;99783;126;19;22;4;26;2;2;0;3;7;5
216;1;230376;177;162;19;22;8;2;0;1;1;0;1
217;1;181831;403;134;38;19;9;5;4;2;0;7;2
218;1;283115;51;16;17;0;0;0;0;0;0;0;1
219;1;301338;3;0;1;0;6;0;0;0;0;1;1
220;1;843199;0;0;0;0;0;0;0;0;0;0;0
221;1;153657;0;0;0;0;0;0;0;0;0;0;0
222;1;212520;0;0;0;0;0;0;0;0;0;0;0
223;1;208170;0;0;0;0;0;0;0;0;0;0;0
224;1;126165;0;0;0;0;0;0;0;0;0;0;0
225;1;112805;0;0;0;0;0;0;0;0;0;0;0
226;1;215100;0;0;0;0;0;0;0;0;0;0;0
227;1;157927;0;0;0;0;0;0;0;0;0;0;0
228;1;208754;0;0;0;0;0;0;0;0;0;0;0
229;1;219825;83;16;15;1;0;1;3;0;0;0;1
230;1;419526;0;0;0;0;0;0;0;0;0;0;0
231;1;104468;0;0;0;0;0;0;0;0;0;0;0
232;1;232308;0;0;0;0;0;0;0;0;0;0;0
233;1;634260;0;0;0;0;0;0;0;0;0;0;0
234;1;186081;47;10;0;5;1;0;0;0;0;0;1
235;1;627893;93;27;50;9;11;6;1;0;1;0;1
236;1;209173;29;5;18;2;0;2;0;0;0;0;1
237;1;411452;239;30;19;6;0;0;0;2;5;0;4
238;1;14931;7;0;20;0;1;0;0;0;0;0;1
239;1;324462;27;4;4;1;0;0;0;0;1;0;1
240;1;138574;62;32;5;11;2;0;0;1;0;0;1
241;1;249489;114;36;0;16;3;0;0;5;0;0;1
242;1;132855;26;3;3;1;0;0;0;5;0;0;1
243;1;137733;66;10;1;3;1;1;0;0;0;0;1
244;1;154970;47;3;3;4;2;0;10;0;3;0;1
245;1;153740;41;37;1;2;0;1;0;0;1;0;2
246;1;170561;91;46;6;16;0;2;0;2;2;1;3
247;1;177362;169;82;17;17;3;0;1;1;0;2;6
248;1;151377;36;7;9;0;4;0;6;0;0;0;1
249;1;53307;0;0;0;2;0;0;0;9;0;0;2
250;1;985300;0;0;0;0;0;0;0;0;0;0;0
251;1;245082;0;0;0;1;0;0;0;13;0;0;2
252;1;234491;151;155;16;9;0;4;2;7;14;0;1
253;1;140053;0;138;0;58;0;19;0;7;0;1;1
254;1;236393;113;72;8;14;0;11;3;1;3;1;6
255;1;1288921;482;140;41;5;46;6;5;1;0;6;1
256;1;100442;11;7;1;0;0;1;0;0;0;0;2
257;1;169524;144;28;20;31;1;15;7;6;3;23;7
258;1;178450;0;0;0;0;0;0;0;0;0;0;1
259;1;217868;134;48;48;11;2;6;0;1;0;0;2
260;1;146799;28;1;0;0;0;1;1;0;0;0;2
261;1;542327;531;137;165;24;32;18;10;0;40;1;23
262;1;432901;155;73;5;31;0;8;0;1;2;0;2
263;1;63531;0;0;0;0;0;0;0;0;0;0;0
264;1;121352;0;0;0;0;0;0;0;0;0;0;0
265;1;238328;0;0;0;0;0;0;0;0;0;0;0
266;1;535966;0;0;0;0;0;0;0;0;0;0;0
267;1;240912;0;0;0;0;0;0;0;0;0;0;0
268;1;537717;11;48;22;6;0;4;0;0;0;0;2
269;1;253161;415;70;19;2;30;1;0;1;1;0;4
270;1;190267;64;1;8;3;1;2;1;2;0;0;1
271;1;141621;0;46;0;20;0;4;0;0;0;0;2
272;1;108083;40;0;46;5;0;6;8;0;3;0;1
273;1;404528;67;7;2;1;2;1;4;1;2;0;1
274;1;548817;0;0;1;0;0;2;0;0;0;0;1
275;1;101197;50;49;0;1;4;2;0;1;0;3;1
276;1;720681;428;47;33;18;7;9;25;20;3;0;1
277;1;223978;207;42;25;9;9;2;27;0;7;1;8
278;1;269145;344;97;32;77;0;15;6;4;3;2;5
279;1;332428;385;135;62;13;11;13;1;1;3;6;2
280;1;182972;57;6;10;1;5;3;0;0;0;5;3
281;1;410255;514;122;95;97;0;57;2;8;0;0;2
282;1;217007;116;102;0;9;28;7;0;0;5;0;1
283;1;415598;464;90;41;11;12;2;0;1;0;6;7
284;1;159266;48;11;4;1;4;0;0;0;0;0;1
285;1;215705;52;6;14;2;2;1;1;0;0;0;1
286;1;79909;39;11;15;2;0;2;0;0;0;0;2
287;1;146740;63;14;9;0;3;0;0;1;0;0;2
288;1;150236;100;42;4;25;1;8;2;2;0;1;2
289;1;119327;223;0;52;20;0;12;17;0;5;2;4
290;1;96935;67;33;4;7;0;0;1;0;0;0;3
291;1;292726;136;61;7;31;0;9;1;3;2;1;3
292;1;152956;48;2;11;10;17;1;1;9;0;0;7
293;1;212990;97;39;38;6;5;4;1;4;5;1;2
294;1;250443;126;0;36;28;0;20;0;0;4;5;4
295;1;278895;0;0;25;0;0;40;0;0;3;0;1
296;1;216996;46;0;19;5;0;0;0;0;2;0;3
297;1;283932;0;0;0;0;0;0;0;0;0;0;0
298;1;154818;0;0;0;0;0;0;0;0;0;0;0
299;1;239780;0;0;0;0;0;0;0;0;0;0;0
300;1;124224;0;0;0;0;0;0;0;0;0;0;0
301;1;269199;85;41;2;1;0;2;2;1;1;0;1
302;1;352306;104;79;60;5;8;12;0;2;1;0;7
303;1;143501;39;21;2;3;0;1;0;0;1;0;2
304;1;290004;164;99;19;45;0;16;1;1;1;0;10
305;1;131311;37;17;1;5;1;1;0;2;0;0;1
306;1;175239;52;15;16;0;4;0;0;2;0;0;1
307;1;301865;150;94;14;26;0;9;2;3;5;1;3
308;1;352595;461;72;40;27;6;4;3;0;2;9;2
309;1;644493;512;127;68;25;41;2;1;3;0;3;13
310;1;330870;0;44;0;37;0;2;0;2;0;1;4
311;1;262300;0;0;0;0;0;0;0;0;0;0;0
312;1;118401;0;0;0;0;0;0;0;0;0;0;0
313;1;73315;0;0;0;0;0;0;0;0;0;0;0
314;1;202790;0;0;0;0;0;0;0;0;0;0;0
315;1;145199;0;0;0;0;0;0;0;0;0;0;0
316;1;4962;0;0;0;0;0;1;0;0;0;0;1
317;1;217036;109;93;9;18;0;3;0;5;0;1;1
318;1;212828;96;0;6;0;7;0;0;8;0;0;9
319;1;907884;368;64;11;8;8;7;0;0;0;1;1
320;1;6993;0;0;0;0;0;0;0;0;0;0;0
321;1;226241;49;4;8;0;4;2;1;0;0;0;1
322;1;286856;111;77;28;20;3;0;2;0;0;0;8
323;1;205946;145;52;15;19;3;4;0;4;2;1;2
324;1;165634;114;24;0;3;9;1;0;1;3;0;3
325;1;230457;58;24;15;7;0;0;1;5;11;0;2
326;1;97665;36;9;4;10;0;0;2;8;0;0;1
327;1;175575;119;39;21;7;3;7;31;4;0;0;6
328;1;527895;183;84;23;19;56;21;1;0;0;8;2
329;1;160299;39;8;3;4;1;1;0;2;0;0;1
330;1;269132;348;113;34;74;0;14;2;4;5;2;2
331;1;108558;66;38;13;5;2;4;0;0;0;8;2
332;1;3669;1;0;0;0;0;0;0;0;0;1;1
333;1;347885;162;27;20;1;2;0;0;0;0;0;3
334;1;293062;174;31;38;17;13;6;32;13;0;1;28
335;1;185211;44;1;10;4;1;0;1;1;0;0;1
336;1;305207;0;0;0;0;0;0;0;0;0;0;0
337;1;186145;0;0;0;0;0;0;0;0;0;0;0
338;1;296759;0;0;0;0;0;0;0;0;0;0;0
339;1;142506;0;0;0;0;0;0;0;0;0;0;0
340;1;288100;0;0;0;0;0;0;0;0;0;0;0
341;1;285870;0;0;0;0;0;0;0;0;0;0;0
342;1;336870;0;0;0;0;0;0;0;0;0;0;0
343;1;301350;0;0;0;0;0;0;0;0;0;0;0
344;1;126672;0;0;0;0;0;0;0;0;0;0;0
345;1;175861;0;33;0;20;0;3;0;1;0;0;2
346;1;6549;0;0;0;0;0;0;0;0;0;0;0
347;1;183520;61;11;1;1;1;1;2;7;1;0;4
348;1;283773;14;1;0;10;0;0;0;0;0;0;2
349;1;301410;0;0;0;0;0;0;0;0;0;0;0
350;1;219735;0;0;0;0;0;0;0;0;0;0;0
351;1;24098;20;3;4;1;1;4;8;0;0;0;1
352;1;167114;60;0;15;10;0;1;2;0;0;12;1
353;1;127062;0;0;0;0;0;0;0;0;0;0;0
354;1;143856;0;0;0;0;0;0;0;0;0;0;0
355;1;185472;0;0;0;0;0;0;0;0;0;0;0
356;1;127512;0;0;0;0;0;0;0;0;0;0;0
357;1;227900;0;0;0;0;0;0;0;0;0;0;0
358;1;231201;52;15;17;7;0;2;0;0;1;0;5
359;1;173677;69;25;11;17;1;0;15;1;0;0;10
360;1;705047;357;46;47;2;2;14;8;4;0;0;1
361;1;131863;51;15;1;1;0;0;1;1;0;0;7
362;1;641906;114;49;16;12;1;6;2;0;0;0;2
363;1;10656;0;0;0;0;0;0;0;0;0;0;0
364;1;182064;27;9;7;3;1;1;0;1;0;0;1
365;1;408081;332;57;23;4;0;1;0;0;0;0;2
366;1;653803;380;62;62;2;8;26;10;6;0;0;1
367;1;277564;149;9;24;9;0;14;0;0;0;0;1
368;1;265993;0;0;0;0;0;0;0;0;0;0;0
369;1;110486;75;28;0;8;20;3;0;3;9;0;5
370;1;263474;167;138;18;7;0;5;11;1;0;1;1
371;1;215488;0;0;0;0;0;0;0;0;0;0;0
372;1;383057;106;19;37;0;8;7;0;0;0;0;4
373;1;144976;137;36;4;2;0;0;17;1;1;0;15
374;1;79367;49;11;9;0;0;2;0;0;0;0;4
375;1;31842;66;0;20;15;0;4;0;0;0;8;5
376;1;97210;53;33;3;6;0;1;0;1;0;2;2
377;1;301888;131;25;34;2;1;3;4;1;0;0;1
378;1;288749;83;51;8;10;1;2;8;0;3;6;2
379;1;108103;172;0;48;15;0;5;4;0;0;2;1
380;1;111908;0;92;0;18;0;15;0;14;0;8;1
381;1;194204;483;100;24;18;3;6;4;2;0;0;1
382;1;201753;0;0;18;0;0;20;0;0;0;0;7
383;1;227670;89;0;69;6;0;9;11;0;8;35;3
384;1;106488;89;48;5;6;0;1;11;1;0;0;3
385;1;837376;0;0;0;5;0;0;0;0;0;0;6
386;1;74648;0;0;0;0;0;0;0;0;0;0;0
387;1;157852;0;0;0;0;0;0;0;0;0;0;0
388;1;222040;0;0;0;0;0;0;0;0;0;0;0
389;1;173525;0;0;0;0;0;0;0;0;0;0;0
390;1;530040;0;0;0;0;0;0;0;0;0;0;0
391;1;113129;33;16;0;14;12;0;0;1;0;0;1
392;1;4074;0;0;2;0;0;3;0;0;0;0;1
393;1;146375;163;41;8;12;0;8;0;1;0;1;1
394;1;110408;74;21;8;2;0;2;1;0;0;0;1
395;1;251625;83;0;28;0;7;1;0;1;0;2;1
396;1;1239899;613;91;105;2;28;36;14;7;0;0;3
397;1;4009;0;0;0;0;0;0;0;0;0;0;3
398;1;112502;0;42;0;25;0;6;0;1;0;0;2
399;1;370211;233;46;31;10;5;1;8;9;1;1;1
400;1;247660;0;0;0;0;0;0;0;0;0;0;0
401;1;153473;48;11;0;5;0;1;0;0;0;0;3
402;1;83890;52;17;12;1;4;0;0;0;2;0;1
403;1;118291;226;72;23;15;0;3;2;2;2;0;1
404;1;263645;92;61;6;7;0;5;5;0;0;1;1
405;1;168584;375;0;116;27;0;8;13;0;8;1;4
406;1;8214;0;0;0;0;0;0;0;0;0;0;0
407;1;241452;24;6;0;4;1;1;0;0;0;0;2
408;1;195825;80;22;13;3;5;0;0;0;0;0;3
409;1;209700;56;10;16;3;2;1;1;0;0;0;1
410;1;260043;112;85;19;17;0;5;0;1;3;1;2
411;1;207205;8;7;9;2;2;0;0;3;0;3;1
412;1;202080;80;10;13;3;2;3;0;2;0;0;1
413;1;359802;0;9;0;3;0;1;0;0;0;0;12
414;1;231686;0;0;0;0;0;0;0;0;0;0;0
415;1;104256;0;0;0;0;0;0;0;0;0;0;0
416;1;21351;0;0;0;0;0;0;0;0;0;0;0
417;1;150570;0;0;0;0;0;0;0;0;0;0;0
418;1;73315;0;0;0;0;0;0;0;0;0;0;0
419;1;137003;92;33;32;0;6;3;0;1;0;0;2
420;1;232957;96;16;8;3;4;3;0;0;0;6;1
421;1;175537;61;31;14;16;3;0;4;2;0;5;1
422;1;136538;57;11;4;1;0;8;0;0;0;0;1
423;1;307147;143;37;64;8;3;18;1;2;5;0;12
424;1;69114;97;37;13;17;6;9;4;4;1;0;1
425;1;513500;232;102;11;84;3;5;0;0;0;1;2
426;1;118865;38;4;3;3;2;0;1;0;0;0;1
427;1;642652;315;79;18;3;4;12;0;0;0;0;1
428;1;403254;239;237;34;20;3;0;14;0;4;3;2
429;1;225711;130;30;7;21;2;3;4;0;0;0;2
430;1;370846;74;5;6;2;1;1;2;2;2;1;2
431;1;30422;0;8;0;12;0;0;2;0;1;0;2
432;1;491106;257;53;55;11;4;1;10;8;1;1;1
433;1;122474;74;46;7;1;2;4;3;1;0;0;1
434;1;179521;45;10;30;0;7;0;0;0;0;0;1
435;1;236202;90;0;132;6;0;12;11;0;9;35;3
436;1;265069;66;27;14;4;5;0;0;0;1;0;2
437;1;220883;42;16;16;17;0;0;1;13;0;0;2
438;1;205386;0;0;0;0;0;0;0;0;0;0;1
439;1;112751;14;28;3;1;1;0;0;0;0;6;1
440;1;321221;0;71;0;113;0;0;28;0;1;0;6
441;1;120430;168;0;65;0;5;6;0;2;0;2;3
442;1;243235;78;25;16;33;0;32;0;1;5;0;7
443;1;144483;110;50;8;7;5;2;0;0;0;0;1
444;1;131910;13;4;10;4;0;4;0;0;0;0;5
445;1;264745;83;7;6;13;0;1;0;3;0;0;2
446;1;294325;182;44;34;11;17;28;0;1;12;0;12
447;1;385286;200;108;26;16;11;24;31;9;0;2;15
448;1;145983;162;102;11;3;1;1;2;0;0;0;3
449;1;179631;0;14;0;5;0;0;0;0;1;0;2
450;1;185858;0;0;0;0;0;0;0;0;0;0;0
451;1;73197;81;0;28;0;3;4;0;0;0;0;2
452;1;699816;822;136;52;33;12;4;3;0;10;8;4
453;1;183207;70;12;13;5;3;0;1;0;0;0;1
454;1;164902;101;41;0;19;25;6;0;5;10;1;19
455;1;243254;128;0;32;0;6;1;0;2;0;0;9
456;1;227794;144;65;28;9;7;6;1;2;0;2;2
457;1;100412;40;6;2;1;0;1;0;0;0;0;2
458;1;182864;156;20;12;0;0;10;1;0;0;0;2
459;1;650245;420;76;41;10;15;3;0;4;0;6;12
460;1;7881;0;0;0;0;0;0;0;0;0;0;0
461;1;216944;0;0;0;0;0;0;0;0;0;0;0
462;1;201448;0;0;0;0;0;0;0;0;0;0;0
463;1;21080;0;0;0;0;0;0;0;0;0;0;0
464;1;4284;0;0;0;0;0;0;0;0;0;0;0
465;1;24612;0;0;0;0;0;0;0;0;0;0;0
466;1;144635;22;4;0;0;0;0;2;0;0;0;3
467;1;17951;0;34;0;16;0;0;10;0;0;0;9
468;1;525755;176;29;7;1;2;2;8;1;5;3;1
469;1;120428;89;16;3;4;3;1;1;0;0;0;1
470;1;141004;241;82;63;16;0;9;21;2;5;18;1
471;1;246163;85;14;12;0;4;3;0;0;0;6;1
472;1;168006;70;0;23;7;0;49;7;0;2;0;1
473;1;326041;712;242;64;57;15;17;16;11;2;2;1
474;1;170158;79;0;90;6;0;14;11;0;6;4;2
475;1;366949;146;128;8;19;0;7;2;4;1;3;8
476;1;294566;237;148;28;8;3;0;0;0;7;1;2
477;1;6771;0;0;0;0;0;0;0;0;0;0;0
478;1;253300;256;0;114;6;0;17;1;0;3;5;2
479;1;97698;24;2;5;5;0;0;0;0;0;0;1
480;1;288085;112;22;38;8;2;13;0;3;9;0;8
481;1;144840;43;1;4;5;4;0;1;1;0;0;1
482;1;268858;62;19;17;9;11;16;0;2;10;0;6
483;1;286459;110;77;11;6;0;4;2;0;4;0;3
484;1;633399;210;24;24;12;7;3;0;3;0;1;13
485;1;250666;0;0;0;0;0;0;0;0;0;0;0
486;1;17680;0;0;0;0;0;0;0;0;0;0;0
487;1;6216;0;0;0;0;0;0;0;0;0;0;0
488;1;8103;0;0;0;0;0;0;0;0;0;0;0
489;1;403988;0;0;0;0;0;0;0;0;0;0;0
490;1;180198;0;0;0;0;0;0;0;0;0;0;0
491;1;298717;0;0;0;0;0;0;0;0;0;0;0
492;1;162338;0;0;0;0;0;0;0;0;0;0;0
493;1;309600;0;0;0;0;0;0;0;0;0;0;0
494;1;321054;0;0;0;0;0;0;0;0;0;0;0
495;1;210694;0;0;0;0;0;0;0;0;0;0;0
496;1;206165;16;1;0;4;2;0;0;0;0;0;5
497;1;303000;74;51;9;18;0;5;1;1;1;0;10
498;1;230264;79;50;25;7;6;7;0;1;3;8;1
499;1;197514;35;0;15;0;1;0;0;0;0;1;8
500;1;262005;0;66;0;49;0;7;0;8;0;1;4
501;1;120933;35;15;3;6;0;12;2;0;0;0;3
502;1;115856;24;14;0;10;0;8;0;0;7;0;1
503;1;366133;283;79;9;12;3;6;0;0;1;0;2
504;1;224071;30;4;1;0;0;3;0;0;0;0;3
505;1;170687;123;14;13;0;50;0;2;30;0;0;4
506;1;194603;90;15;22;0;0;17;1;0;0;0;2
507;1;97218;40;0;41;1;0;3;2;0;0;0;4
508;1;113092;59;14;17;22;0;0;1;0;0;0;1
509;1;57648;5;6;0;0;0;0;0;0;0;0;1
510;1;167832;0;0;0;0;0;0;0;0;0;0;0
511;1;119602;48;7;1;2;0;1;0;0;0;0;1
512;1;257053;34;16;27;1;16;1;0;1;2;0;1
513;1;220851;102;10;7;2;0;14;1;0;0;0;3
514;1;558915;318;70;40;9;2;10;0;0;2;0;2
515;1;209174;68;7;15;1;0;4;0;0;0;0;3
516;1;222995;130;19;14;9;1;3;0;0;1;0;1
517;1;84618;57;19;3;4;1;1;0;0;3;0;2
518;1;179898;397;140;39;12;9;3;4;2;0;7;2
519;1;207512;0;0;18;0;0;45;0;0;0;0;1
520;1;149537;117;29;32;1;2;4;0;0;0;0;1
521;1;339953;595;245;45;34;7;15;2;2;6;7;1
522;1;207405;48;99;10;10;0;0;0;0;1;1;2
523;1;139273;333;88;25;8;13;2;4;2;1;0;3
524;1;313494;294;0;81;9;0;15;1;0;3;1;2
525;1;5106;0;0;0;0;0;0;0;0;0;0;0
526;1;144503;55;79;0;5;11;5;0;6;0;1;1
527;1;196808;61;0;0;2;0;0;1;1;1;3;1
528;1;396179;13;20;2;4;0;0;0;0;0;0;1
529;1;174643;45;8;24;4;3;1;1;1;0;0;1
530;1;179752;53;13;0;13;2;0;0;0;0;1;1
531;1;226745;35;10;0;3;1;1;0;0;0;0;1
532;1;5158;0;0;4;0;0;4;0;0;1;0;1
533;1;385280;202;13;19;10;5;4;2;4;0;0;1
534;1;147638;25;0;0;1;0;0;0;0;0;1;3
535;1;291988;122;26;7;4;8;1;1;2;0;0;1
536;1;196760;59;20;19;13;1;1;0;4;0;0;1
537;1;290226;74;0;32;5;0;6;1;0;7;0;9
538;1;566169;177;45;40;14;5;2;0;0;1;0;3
539;1;662029;308;79;18;3;4;12;0;0;0;0;1
540;1;141121;310;34;0;27;7;11;0;0;7;0;2
541;1;268901;0;0;0;49;0;0;0;36;0;0;10
542;1;302555;618;179;34;19;23;10;11;3;6;2;2
543;1;16317;0;0;0;0;0;0;0;0;0;0;0
544;1;184558;116;19;13;5;3;0;0;2;1;1;12
545;1;240961;78;21;6;8;1;1;1;0;0;2;1
546;1;1275426;1479;329;107;53;27;4;28;0;34;14;7
547;1;665950;385;105;92;31;33;14;30;49;0;0;11
548;1;79728;159;48;23;11;0;0;1;5;1;2;2
549;1;198653;0;0;0;0;0;0;0;0;0;0;0
550;1;134354;0;0;0;0;0;0;0;0;0;0;0
551;1;28026;21;7;0;2;0;0;0;0;0;0;3
552;1;131758;121;36;29;17;1;0;1;10;0;0;3
553;1;248950;88;0;45;0;14;0;0;4;0;0;15
554;1;232165;53;53;3;8;5;7;1;2;9;0;2
555;1;322875;45;44;22;12;7;9;3;1;0;0;2
556;1;422418;162;42;2;3;1;7;0;0;0;0;1
557;1;155996;10;8;7;0;0;0;0;0;0;2;1
558;1;247062;135;75;0;7;14;0;0;1;1;0;1
559;1;319030;64;25;9;5;3;0;0;0;0;0;4
560;1;220302;84;41;20;2;16;3;9;1;0;3;2
561;1;320622;0;84;0;14;0;0;2;0;1;0;3
562;1;131849;49;10;21;6;0;5;0;1;0;0;8
563;1;108256;71;43;11;11;1;2;1;0;0;0;1
564;1;306894;237;70;52;1;3;7;0;3;0;0;1
565;1;277490;21;19;7;0;3;2;0;0;0;0;8
566;1;442656;45;95;7;13;5;9;1;1;0;0;1
567;1;24783;0;21;0;13;0;0;0;0;1;0;2
568;1;318176;15;3;4;0;0;0;0;0;0;1;1
569;1;180125;377;90;33;13;13;9;2;4;1;0;1
570;1;322276;113;88;9;1;0;1;0;1;2;2;7
571;1;281582;72;29;17;7;2;0;0;0;0;0;1
572;1;32190;22;0;19;1;0;2;0;0;1;1;2
573;1;333419;232;26;29;1;6;1;1;0;2;0;1
574;1;110124;0;0;0;0;0;0;0;0;0;0;0
575;1;377600;0;0;0;0;0;0;0;0;0;0;0
576;1;574906;0;0;0;0;0;0;0;0;0;0;0
577;1;16660;0;0;0;0;0;0;0;0;0;0;0
578;1;371700;0;0;0;0;0;0;0;0;0;0;0
579;1;535966;0;0;0;0;0;0;0;0;0;0;0
580;1;63529;0;0;0;0;0;0;0;0;0;0;0
581;1;239660;0;0;0;0;0;0;0;0;0;0;0
582;1;348462;0;0;0;0;0;0;0;0;0;0;0
583;1;106755;0;0;0;0;0;0;0;0;0;0;0
584;1;90469;120;0;23;0;13;8;0;10;0;0;1
585;1;163654;0;177;0;54;0;22;0;31;0;5;1
586;1;180148;26;7;4;8;0;2;0;2;0;0;1
587;1;238994;9;1;1;3;1;0;0;0;0;0;1
588;1;220238;0;0;0;0;0;4;0;0;0;0;6
589;1;330989;42;30;16;3;4;7;0;0;0;0;9
590;1;359157;159;110;28;10;0;11;1;11;2;0;1
591;1;230580;0;0;0;0;0;0;0;0;0;0;0
592;1;257853;0;0;0;0;0;0;0;0;0;0;0
593;1;172980;0;0;0;0;0;0;0;0;0;0;0
594;1;262795;0;0;0;0;0;0;0;0;0;0;0
595;1;313230;0;0;0;0;0;0;0;0;0;0;0
596;1;5661;0;0;0;0;0;0;0;0;0;0;0
597;1;29601;0;0;0;0;0;0;0;0;0;0;0
598;1;185185;0;0;0;0;0;0;0;0;0;0;0
599;1;136620;0;0;0;0;0;0;0;0;0;0;0
600;1;263823;0;0;0;0;0;0;0;0;0;0;0
601;1;56676;50;22;15;3;2;4;1;0;4;1;2
602;1;335653;371;111;0;27;57;14;0;1;5;0;6
603;1;72963;120;0;45;25;0;8;7;0;0;0;2
604;1;359498;112;76;42;8;3;4;1;0;8;0;6
605;1;116352;45;38;14;6;0;0;2;0;1;0;2
606;1;235737;182;43;15;43;0;2;10;0;0;0;2
607;1;208540;62;18;30;1;0;4;0;0;0;0;1
608;1;127074;44;15;5;5;5;0;7;0;0;5;2
609;1;175323;306;107;37;20;4;2;7;5;0;0;1
610;1;185184;0;0;0;0;0;0;0;0;0;0;1
611;1;186115;20;2;2;1;1;3;0;0;0;0;1
612;1;339033;675;228;70;38;5;12;2;1;1;0;2
613;1;232323;0;0;0;0;0;0;0;0;0;0;0
614;1;206341;33;11;43;4;0;0;0;0;0;0;3
615;1;60200;0;0;0;0;0;0;0;0;0;0;0
616;1;1696;0;3;0;0;0;0;0;0;0;0;1
617;1;1327816;446;125;38;5;51;6;5;0;0;6;1
618;1;197533;9;11;1;2;1;0;1;0;0;0;1
619;1;24774;33;0;1;0;7;1;0;0;0;0;4
620;1;268856;102;72;2;18;0;19;2;0;1;1;7
621;1;185185;0;0;0;0;0;0;0;0;0;0;0
622;1;123737;52;4;6;2;1;0;1;0;0;0;1
623;1;640980;259;104;37;26;8;4;2;3;0;0;1
624;1;1013569;948;178;53;24;7;2;5;0;1;6;7
625;1;343841;7;7;3;0;0;0;0;0;0;1;1
626;1;114772;60;4;4;13;2;0;0;0;0;0;1
627;1;123785;370;0;51;0;3;3;0;2;0;0;10
628;1;81879;64;4;6;2;0;14;0;0;2;0;1
629;1;426930;138;72;28;71;16;24;2;10;0;2;2
630;1;77268;32;8;0;4;1;0;0;0;0;0;1
631;1;31960;0;0;0;0;0;0;0;0;0;0;0
632;1;280612;0;0;0;0;0;0;0;0;0;0;0
633;1;114519;0;0;0;0;0;0;0;0;0;0;0
634;1;290550;0;0;0;0;0;0;0;0;0;0;0
635;1;222365;0;0;0;0;0;0;0;0;0;0;0
636;1;97940;0;0;0;0;0;0;0;0;0;0;0
637;1;165763;0;0;0;0;0;0;0;0;0;0;0
638;1;307390;0;0;0;0;0;0;0;0;0;0;0
639;1;442833;0;0;0;0;0;0;0;0;0;0;0
640;1;121009;0;0;0;0;0;0;0;0;0;0;0
641;1;122960;54;16;0;2;16;3;0;0;0;0;9
642;1;72770;0;0;2;0;0;0;0;0;0;0;2
643;1;342574;157;19;19;5;0;4;0;0;1;0;1
644;1;43143;0;0;0;0;0;0;0;0;0;0;3
645;1;195727;88;21;11;0;13;6;0;2;0;8;4
646;1;366992;113;0;61;11;0;16;8;0;7;0;12
647;1;665462;392;71;66;3;8;26;10;6;0;0;1
648;1;133075;174;0;37;0;7;8;0;1;0;1;5
649;1;29322;0;1;0;0;1;0;0;0;0;1;1
650;1;110124;0;0;0;0;0;0;0;0;0;0;0
651;1;68521;0;0;0;1;0;0;0;0;3;0;1
652;1;227702;49;6;8;2;2;1;1;0;0;0;1
653;1;249651;35;8;45;5;1;1;0;0;0;0;1
654;1;283390;372;107;51;18;61;4;15;6;0;0;2
655;1;18700;0;0;0;0;0;0;0;0;0;0;0
656;1;291947;136;48;14;4;5;2;0;3;0;0;1
657;1;124493;0;296;0;127;0;42;0;62;0;19;1
658;1;171941;268;93;31;17;9;5;0;3;0;1;1
659;1;108669;0;0;0;21;0;0;0;5;0;0;1
660;1;223529;44;9;14;0;0;3;0;0;0;0;1
661;1;437383;505;82;36;28;17;4;2;2;0;3;12
662;1;341978;108;37;23;32;5;1;0;0;4;0;12
663;1;329800;411;0;105;27;0;13;14;0;13;10;7
664;1;136660;86;34;44;0;0;0;0;4;0;0;1
665;1;180712;36;7;6;4;0;0;0;0;0;0;1
666;1;411459;86;26;4;4;0;10;0;0;0;0;1
667;1;163040;248;128;0;31;14;11;0;0;0;3;1
668;1;322930;115;43;30;17;17;27;0;0;11;0;12
669;1;79806;11;3;0;0;0;0;0;0;0;0;1
670;1;243281;48;21;3;28;6;32;0;1;5;0;7
671;1;342302;161;31;5;5;5;7;0;0;0;0;1
672;1;157665;129;39;0;12;3;1;2;0;0;0;1
673;1;310793;0;281;0;158;0;25;0;49;0;2;3
674;1;161733;83;12;3;5;1;0;0;0;0;0;1
675;1;240696;106;41;27;24;2;1;2;11;0;0;2
676;1;242424;0;0;0;0;0;0;0;0;0;0;0
677;1;567137;0;0;0;0;0;0;0;0;0;0;0
678;1;20400;0;0;0;0;0;0;0;0;0;0;0
679;1;125686;0;0;0;0;0;0;0;0;0;0;0
680;1;214148;0;0;0;0;0;0;0;0;0;0;0
681;1;469888;0;0;0;0;0;0;0;0;0;0;0
682;1;542800;0;0;0;0;0;0;0;0;0;0;0
683;1;478080;0;0;0;0;0;0;0;0;0;0;0
684;1;203732;0;0;0;0;0;0;0;0;0;0;0
685;1;626678;653;95;73;38;26;5;2;2;0;4;12
686;1;132070;64;18;7;14;2;1;3;0;1;6;1
687;1;19339;19;10;0;3;6;1;0;0;0;0;2
688;1;227850;373;118;25;29;7;5;4;0;2;6;1
689;1;5779;0;0;0;0;0;0;0;0;0;0;1
690;1;69263;37;0;8;0;5;0;0;1;0;0;2
691;1;150104;53;6;8;0;25;1;1;13;0;0;3
692;1;366293;76;26;4;14;2;0;1;0;0;0;4
693;1;157791;33;22;4;0;1;0;0;0;0;0;1
694;1;208565;37;21;1;5;20;5;0;1;0;0;1
695;1;157598;96;27;3;20;2;2;0;0;0;0;2
696;1;16998;0;0;0;0;0;0;0;0;0;0;2
697;1;98915;57;0;10;1;0;0;0;0;3;1;3
698;1;202669;374;83;36;5;0;18;8;0;9;0;1
699;1;433105;66;5;0;1;0;0;0;0;0;0;1
700;1;123969;0;0;0;0;0;0;0;0;0;0;0
701;1;168686;123;36;39;1;1;4;0;1;0;0;5
702;1;179583;46;7;8;2;3;1;1;1;0;0;1
703;1;259892;0;89;0;49;0;0;7;0;2;0;1
704;1;246420;94;41;23;2;30;1;10;0;0;0;2
705;1;236407;69;0;88;4;0;11;11;0;13;3;4
706;1;641678;727;116;60;24;19;2;8;0;25;10;6
707;1;151062;283;99;22;16;4;10;0;0;0;0;1
708;1;83296;85;49;0;24;2;4;0;0;0;0;3
709;1;442849;190;144;6;24;21;2;2;5;1;5;1
710;1;0;0;0;0;0;0;0;0;0;0;0;0
711;1;41673;67;27;8;6;5;0;2;1;0;0;1
712;1;115843;31;16;3;8;3;1;3;0;1;7;4
713;1;64288;0;0;0;0;0;0;0;0;0;0;0
714;1;312027;131;0;74;8;0;11;0;0;4;0;3
715;1;173463;41;1;10;5;2;0;1;0;0;0;2
716;1;295873;108;11;6;15;1;1;0;3;0;0;2
717;1;107449;33;15;12;3;0;0;0;0;1;0;1
718;1;3602;0;0;0;0;0;1;0;0;0;0;1
719;1;357722;501;176;43;41;11;9;6;4;0;0;2
720;1;106465;103;58;6;5;0;1;10;1;0;0;3
721;1;176721;0;68;0;18;0;0;6;0;4;0;6
722;1;234685;83;46;19;2;4;4;1;1;1;3;1
723;1;140948;152;15;2;30;10;1;11;2;2;0;1
724;1;163591;6;13;0;0;0;2;1;0;2;1;2
725;1;339864;50;22;13;0;2;9;0;0;1;1;6
726;1;114610;19;0;2;0;0;0;0;0;0;0;2
727;1;220818;0;0;0;0;0;0;0;0;0;0;0
728;1;284715;0;0;0;0;0;0;0;0;0;0;0
729;1;130020;0;0;0;0;0;0;0;0;0;0;0
730;1;119784;0;0;0;0;0;0;0;0;0;0;0
731;1;210236;0;0;0;0;0;0;0;0;0;0;0
732;1;127300;0;0;0;0;0;0;0;0;0;0;0
733;1;41193;0;0;0;0;0;0;0;0;0;0;0
734;1;114856;0;0;0;0;0;0;0;0;0;0;0
735;1;191202;0;0;0;0;0;0;0;0;0;0;0
736;1;142855;100;49;10;3;0;0;0;2;2;0;1
737;1;6450;0;0;7;0;0;0;0;0;0;0;3
738;1;231046;151;46;25;16;9;2;14;5;0;1;19
739;1;131821;71;0;36;0;15;1;0;0;0;1;5
740;1;385392;113;5;11;9;0;4;1;4;0;0;1
741;1;154720;42;8;18;7;12;0;2;6;0;0;3
742;1;166471;39;9;52;7;2;1;0;0;0;0;1
743;1;101465;33;11;4;0;1;2;0;1;0;2;1
744;1;72917;0;0;0;0;0;7;0;0;0;0;16
745;1;170749;105;47;6;5;7;2;0;0;0;0;2
746;1;640249;191;21;27;7;0;2;1;0;0;0;2
747;1;151685;58;13;15;0;2;0;0;0;0;0;1
748;1;875988;386;69;12;8;8;7;0;0;0;1;1
749;1;108192;0;0;0;0;0;0;0;0;0;0;0
750;1;266733;0;0;0;0;0;0;0;0;0;0;0
751;1;152680;43;11;14;1;0;4;5;0;0;0;2
752;1;326605;120;0;48;6;0;15;0;0;3;1;2
753;1;162228;0;0;0;0;0;3;0;0;0;0;1
754;1;3807;0;0;0;0;0;0;0;0;0;0;1
755;1;286542;83;11;19;6;11;6;0;3;0;0;1
756;1;196255;92;43;15;10;0;1;1;0;2;0;1
757;1;129650;34;4;24;3;3;1;1;0;0;0;1
758;1;339627;431;72;33;29;6;2;4;0;4;9;2
759;1;301629;250;0;228;42;0;7;9;0;14;0;1
760;1;180303;96;52;6;19;0;2;0;2;2;1;3
761;1;220758;53;0;1;4;0;1;0;0;0;0;1
762;1;135257;54;12;6;15;0;0;1;9;0;0;1
763;1;345100;544;190;64;40;7;8;4;1;1;0;1
764;1;264648;47;25;9;2;0;4;1;0;0;2;2
765;1;258610;75;39;16;5;0;2;2;0;0;0;3
766;1;424616;87;52;7;13;0;9;1;3;3;1;8
767;1;312532;64;0;33;7;0;61;1;0;1;0;1
768;1;128638;43;2;3;2;1;0;1;0;0;0;1
769;1;113849;72;47;5;9;0;1;4;0;0;0;1
770;1;148147;0;0;0;0;0;0;0;0;0;0;1
771;1;227259;114;0;26;20;0;19;1;0;1;2;3
772;1;83921;29;8;5;1;2;2;2;2;0;1;6
773;1;631844;61;9;30;1;3;10;1;0;0;0;1
774;1;226309;0;61;0;18;0;5;0;0;0;10;5
775;1;256200;0;0;0;0;0;0;0;0;0;0;0
776;1;253700;0;0;0;0;0;0;0;0;0;0;0
777;1;220483;0;0;0;0;0;0;0;0;0;0;0
778;1;173826;0;0;0;0;0;0;0;0;0;0;0
779;1;543308;0;0;0;0;0;0;0;0;0;0;0
780;1;388450;0;0;0;0;0;0;0;0;0;0;0
781;1;211385;0;0;0;0;0;0;0;0;0;0;0
782;1;491914;0;0;0;0;0;0;0;0;0;0;0
783;1;102396;0;0;0;0;0;0;0;0;0;0;0
784;1;385344;146;8;16;10;5;4;2;4;0;0;1
785;1;251826;59;19;11;11;0;1;1;0;0;0;2
786;1;262559;96;65;10;4;1;0;0;3;0;1;13
787;1;330245;96;5;2;36;2;0;0;2;0;0;2
788;1;227927;38;3;2;0;0;3;1;0;0;0;2
789;1;384368;860;228;0;44;14;17;0;0;5;0;4
790;1;269185;191;16;17;6;1;3;0;0;0;0;2
791;1;220429;271;61;6;23;1;7;4;2;0;1;1
792;1;134036;67;0;26;6;0;3;2;0;2;0;3
793;1;160282;43;7;14;5;2;1;1;2;0;0;1
794;1;674460;497;149;76;22;14;58;120;16;8;1;43
795;1;4140;4;0;1;0;0;0;0;1;0;1;1
796;1;390483;198;27;16;10;5;4;2;4;0;0;1
797;1;170588;72;86;4;14;0;6;0;3;0;1;1
798;1;234678;87;47;19;2;4;6;1;1;1;3;1
799;1;497103;247;52;71;3;4;2;11;6;1;0;2
800;1;179820;0;0;0;0;0;0;0;0;0;0;0
801;1;113786;159;52;27;3;1;0;0;1;0;0;1
802;1;21325;0;0;0;0;0;0;0;0;0;0;3
803;1;123602;26;15;0;4;0;0;0;0;0;0;1
804;1;476065;789;202;78;20;0;15;0;30;0;30;1
805;1;288860;41;11;7;2;0;1;0;0;0;0;1
806;1;105566;161;0;71;0;3;12;0;7;0;0;3
807;1;379771;205;39;9;2;0;2;0;0;0;0;2
808;1;318011;366;118;0;19;71;4;0;1;6;1;3
809;1;560890;429;65;41;18;0;4;0;0;0;0;3
810;1;127748;59;18;1;7;1;10;4;0;1;3;1
811;1;133070;64;20;9;13;46;4;2;0;30;1;3
812;1;322483;8;3;4;0;0;0;0;0;0;1;1
813;1;282684;321;80;0;26;69;3;0;3;1;5;8
814;1;88840;19;6;5;1;0;0;0;0;0;0;1
815;1;232343;65;6;11;8;0;3;2;0;1;0;1
816;1;170614;0;103;0;35;0;0;11;0;11;0;1
817;1;294791;112;0;30;42;0;5;3;0;10;6;1
818;1;237928;409;141;35;39;8;5;4;0;2;0;1
819;1;89592;0;0;0;0;0;0;0;0;0;0;3
820;1;17618;25;13;0;5;14;0;0;0;0;0;5
821;1;170848;34;21;14;0;0;2;0;1;2;0;1
822;1;398017;139;118;12;16;0;5;3;5;1;2;3
823;1;189186;42;22;38;0;8;1;0;0;2;0;1
824;1;355616;178;54;32;9;1;9;0;0;1;2;2
825;1;645700;60;7;19;3;0;2;0;0;0;0;1
826;1;271180;0;0;0;0;0;0;0;0;0;0;0
827;1;208936;0;0;0;0;0;0;0;0;0;0;0
828;1;262626;0;0;0;0;0;0;0;0;0;0;0
829;1;66650;0;0;0;0;0;0;0;0;0;0;0
830;1;137484;0;0;0;0;0;0;0;0;0;0;0
831;1;6771;0;0;0;0;0;0;0;0;0;0;0
832;1;706979;0;0;0;0;0;0;0;0;0;0;0
833;1;306046;0;0;0;0;0;0;0;0;0;0;0
834;1;129136;49;12;3;2;7;0;0;0;0;0;4
835;1;202376;78;25;8;17;15;7;11;1;0;0;2
836;1;505858;464;92;36;23;4;3;2;0;2;6;3
837;1;111790;156;41;21;22;16;1;7;1;0;0;1
838;1;94090;53;13;0;11;3;3;0;0;6;0;2
839;1;215135;59;29;30;1;5;2;0;1;1;0;1
840;1;236218;151;43;36;31;1;2;3;12;0;0;3
841;1;246288;0;0;0;0;0;0;0;0;0;0;0
842;1;381561;173;15;27;1;1;2;1;0;0;0;3
843;1;372215;91;94;15;23;0;11;1;2;1;1;2
844;1;225335;359;114;24;32;6;5;4;0;2;0;1
845;1;245348;546;0;80;0;18;14;0;8;0;0;2
846;1;158215;87;25;2;5;0;0;0;0;4;0;2
847;1;265223;239;190;24;10;1;5;13;1;0;3;1
848;1;356988;254;69;44;15;5;76;14;6;3;3;15
849;1;224803;107;57;17;9;2;0;10;0;1;1;1
850;1;273280;0;0;0;0;0;0;0;0;0;0;0
851;1;196531;47;0;15;0;5;2;0;0;0;0;5
852;1;125204;13;2;2;6;0;0;2;4;0;0;2
853;1;195789;186;0;48;0;4;13;0;2;0;0;2
854;1;403699;47;33;12;13;0;4;0;0;0;0;2
855;1;454382;663;235;55;36;13;12;12;8;4;0;1
856;1;206241;45;0;127;1;0;15;0;0;4;0;2
857;1;170471;61;16;20;0;5;8;0;0;0;0;1
858;1;167628;148;21;9;14;2;3;1;5;0;0;1
859;1;232836;127;0;53;0;8;1;0;8;0;2;9
860;1;266511;270;20;16;2;1;2;3;0;1;9;3
861;1;175444;105;46;17;12;0;3;1;8;1;1;1
862;1;206767;104;23;0;15;0;7;1;0;0;0;3
863;1;245157;223;29;10;3;1;2;0;0;0;0;2
864;1;807073;685;119;41;29;14;5;7;0;19;8;5
865;1;202228;207;33;48;14;2;4;0;0;0;0;4
866;1;97722;3;7;5;1;0;0;0;0;0;0;2
867;1;170634;50;62;4;14;0;6;0;3;0;1;1
868;1;703876;518;67;27;32;6;3;1;0;11;7;2
869;1;305220;94;50;48;4;8;11;0;1;2;0;4
870;1;461988;187;0;255;30;0;41;37;0;3;3;2
871;1;6771;0;0;0;0;0;0;0;0;0;0;0
872;1;309760;0;0;0;0;0;0;0;0;0;0;4
873;1;123025;0;14;0;19;0;0;0;1;0;0;1
874;1;411152;0;0;0;0;0;0;0;0;0;0;0
875;1;250666;0;0;0;0;0;0;0;0;0;0;0
876;1;230100;0;0;0;0;0;0;0;0;0;0;0
877;1;198653;0;0;0;0;0;0;0;0;0;0;0
878;1;211481;0;0;0;0;0;0;0;0;0;0;0
879;1;158834;0;0;0;0;0;0;0;0;0;0;0
880;1;26180;0;0;0;0;0;0;0;0;0;0;0
881;1;674660;0;0;0;0;0;0;0;0;0;0;0
882;1;280072;99;26;69;1;1;0;0;4;2;0;1
883;1;4349;0;0;2;0;0;0;0;0;0;0;1
884;1;3876;0;0;0;0;0;0;0;0;0;0;0
885;1;102498;23;6;19;3;0;0;0;0;0;0;1
886;1;118610;70;40;27;1;2;2;1;0;0;0;2
887;1;110507;69;0;21;0;9;1;0;15;0;0;15
888;1;272961;146;36;51;2;13;1;0;0;0;1;13
889;1;159335;0;0;0;0;0;0;0;0;0;0;0
890;1;178039;67;45;31;4;5;0;11;0;0;1;1
891;1;19003;13;10;12;1;0;0;0;0;0;0;1
892;1;103882;40;37;0;1;6;2;0;1;0;4;1
893;1;449127;21;4;5;0;0;1;0;0;0;0;2
894;1;165792;0;0;0;0;0;0;0;0;0;0;0
895;1;192200;0;0;0;0;0;0;0;0;0;0;0
896;1;268278;0;0;0;0;0;0;0;0;0;0;0
897;1;287712;0;0;0;0;0;0;0;0;0;0;0
898;1;480106;0;0;0;0;0;0;0;0;0;0;0
899;1;254130;0;0;0;0;0;0;0;0;0;0;0
900;1;371904;0;0;0;0;0;0;0;0;0;0;0
901;1;99977;7;3;9;0;0;0;0;0;2;0;1
902;1;337520;171;0;20;0;11;3;0;5;0;0;2
903;1;150433;109;53;16;23;0;3;5;0;0;0;2
904;1;363185;603;253;45;31;7;17;2;3;6;1;3
905;1;361576;495;179;44;42;0;11;10;6;4;0;3
906;1;50681;28;18;1;4;2;0;2;1;0;4;4
907;1;255477;49;52;3;4;0;0;3;0;5;0;3
908;1;294566;57;32;0;1;8;0;0;0;0;0;2
909;1;353087;486;223;44;31;0;2;1;28;93;3;2
910;1;505667;803;324;81;35;14;9;12;6;0;0;3
911;1;196434;96;26;27;9;6;6;0;0;0;0;1
912;1;104276;18;12;6;7;0;0;0;8;0;0;1
913;1;404547;224;36;45;4;1;4;8;4;0;0;1
914;1;108085;183;72;25;14;0;4;2;8;1;2;1
915;1;179564;53;11;14;3;4;1;1;1;0;0;1
916;1;326535;205;131;21;35;0;10;3;2;3;1;6
917;1;268401;214;128;17;12;4;3;1;0;0;2;3
918;1;32815;14;4;1;0;0;0;0;0;0;0;1
919;1;293307;174;70;35;27;4;34;0;0;8;0;5
920;1;403144;409;152;0;30;17;16;0;38;0;3;1
921;1;185311;42;69;1;5;5;5;0;28;1;0;5
922;1;431430;0;0;0;0;0;0;0;0;0;0;0
923;1;181818;0;0;0;0;0;0;0;0;0;0;0
924;1;106200;0;0;0;0;0;0;0;0;0;0;0
925;1;168036;0;0;0;0;0;0;0;0;0;0;0
926;1;134343;0;0;0;0;0;0;0;0;0;0;0
927;1;317422;0;0;0;0;0;0;0;0;0;0;0
928;1;242424;0;0;0;0;0;0;0;0;0;0;0
929;1;209196;0;0;0;0;0;0;0;0;0;0;0
930;1;660744;0;0;0;0;0;0;0;0;0;0;0
931;1;158114;47;18;4;2;0;3;0;0;1;0;2
932;1;161707;341;86;41;11;22;7;10;3;1;1;2
933;1;256139;35;15;2;3;1;0;0;0;0;0;5
934;1;149173;62;0;21;4;0;1;2;0;3;1;1
935;1;94627;0;17;0;3;0;4;0;16;0;0;1
936;1;90587;22;5;6;2;2;1;0;0;0;0;2
937;1;141522;67;66;0;6;22;4;0;0;3;2;1
938;1;163236;136;30;4;1;1;1;0;1;0;0;3
939;1;322142;252;0;59;0;15;27;0;3;0;1;1
940;1;219781;80;11;5;0;4;2;12;1;0;0;4
941;1;164514;102;26;43;0;5;1;0;0;0;0;1
942;1;5165;1;0;0;1;0;0;0;0;0;0;1
943;1;11766;0;0;0;0;0;0;0;0;0;0;0
944;1;34613;0;3;0;4;0;0;0;0;0;0;6
945;1;310230;43;13;0;32;4;33;0;1;21;0;3
946;1;4142;0;0;2;0;0;3;0;0;0;0;1
947;1;392892;74;80;7;16;0;4;1;0;6;1;7
948;1;244557;262;91;62;76;6;10;17;12;4;0;3
949;1;3671;0;0;0;0;0;0;0;0;0;0;1
950;1;114851;0;0;0;0;0;0;0;0;0;0;0
951;1;174428;217;0;48;0;7;14;0;12;0;1;4
952;1;742339;491;72;26;21;7;3;1;0;11;7;2
953;1;5106;0;0;0;0;0;0;0;0;0;0;0
954;1;146588;401;0;129;38;0;9;23;0;19;1;4
955;1;218426;176;40;116;3;6;7;1;5;0;0;1
956;1;63619;80;0;17;15;0;15;8;0;1;0;1
957;1;263317;57;15;23;6;4;4;0;0;2;1;3
958;1;401501;165;128;19;26;26;1;2;5;1;5;1
959;1;257036;85;2;6;3;4;0;11;0;3;0;2
960;1;315643;159;28;46;23;11;4;36;9;0;0;21
961;1;6993;0;0;0;0;0;0;0;0;0;0;0
962;1;296628;128;0;63;6;0;7;0;0;3;0;3
963;1;302706;49;15;9;0;0;3;1;0;0;0;1
964;1;208170;0;0;0;0;0;0;0;0;0;0;0
965;1;295175;104;0;67;0;62;1;0;66;0;2;23
966;1;75079;0;30;0;19;0;5;0;7;0;0;1
967;1;364624;389;51;37;31;0;4;0;5;0;0;2
968;1;70602;39;4;2;1;0;0;0;0;0;0;1
969;1;352454;66;26;13;3;2;9;0;0;0;8;3
970;1;160534;296;0;82;38;0;4;17;0;5;1;2
971;1;162886;326;113;0;32;33;17;0;0;2;0;4
972;1;146105;61;18;11;1;0;0;0;0;3;0;1
973;1;293951;261;95;107;1;1;7;0;0;0;0;1
974;1;339741;243;32;18;2;14;1;0;0;1;11;4
975;1;139553;17;3;15;1;0;0;0;0;0;0;1
976;1;132066;0;0;0;0;0;0;0;0;0;0;0
977;1;352534;0;0;0;0;0;0;0;0;0;0;0
978;1;228956;0;0;0;0;0;0;0;0;0;0;0
979;1;110754;0;0;0;0;0;0;0;0;0;0;0
980;1;102873;0;0;0;0;0;0;0;0;0;0;0
981;1;864860;0;0;0;0;0;0;0;0;0;0;0
982;1;100998;0;0;0;0;0;0;0;0;0;0;0
983;1;422221;302;54;21;19;7;1;3;0;0;2;6
984;1;185710;61;0;18;0;17;2;0;2;0;2;2
985;1;303448;92;38;27;5;1;0;0;0;2;0;1
986;1;296306;138;27;21;3;43;1;5;23;0;0;3
987;1;21014;35;15;2;1;5;3;0;0;0;4;1
988;1;24975;0;0;0;0;0;0;0;0;0;0;0
989;1;950068;146;58;8;18;0;1;0;0;0;0;1
990;1;261557;237;260;122;68;9;26;16;3;1;0;1
991;1;242891;124;71;23;2;10;3;6;0;0;0;1
992;1;845411;107;115;17;19;0;4;2;1;2;0;2
993;1;690350;336;28;29;13;3;5;0;0;2;0;2
994;1;296192;274;127;118;13;14;16;1;2;1;0;1
995;1;583041;264;41;52;10;12;27;2;0;0;2;13
996;1;423744;266;104;24;12;10;8;1;3;1;3;10
997;1;1170062;232;53;14;17;0;1;2;1;0;0;1
998;1;463573;102;3;1;0;0;0;0;0;0;0;1
999;1;442816;204;27;23;6;7;9;8;4;1;0;1
1000;1;285936;0;0;0;0;0;0;0;0;0;0;0
1001;1;131072;78;33;56;9;9;3;1;0;0;0;3
1002;1;450581;141;77;9;12;4;7;3;1;5;3;3
1003;1;255788;92;11;46;1;3;1;0;1;0;0;1
1004;1;136569;3;2;7;0;0;0;0;0;0;2;1
1005;1;421836;55;77;26;2;13;0;0;0;0;0;1
1006;1;152977;95;19;21;8;2;2;0;0;0;0;2
1007;1;111;0;0;0;0;0;0;0;0;0;0;0
1008;1;112762;23;11;1;1;0;0;3;1;0;1;2
1009;1;624318;83;39;8;28;26;6;0;0;0;0;2
1010;1;763246;167;38;36;1;2;8;4;2;2;0;4
1011;1;1251579;193;34;18;9;7;16;5;3;0;0;2
1012;1;450255;203;90;38;9;0;5;1;0;0;0;1
1013;1;34207;0;61;0;41;0;0;20;0;10;0;1
1014;1;97911;0;0;0;0;0;0;0;0;0;0;0
1015;1;812643;0;0;0;0;0;0;0;0;0;0;0
1016;1;883890;0;0;0;0;0;0;0;0;0;0;0
1017;1;104843;0;0;0;0;0;0;0;0;0;0;0
1018;1;450602;0;0;0;0;0;0;0;0;0;0;0
1019;1;474521;283;68;28;16;55;0;4;30;0;0;4
1020;1;725471;159;33;12;16;3;1;0;0;0;0;5
1021;1;674517;71;45;15;21;13;5;1;0;0;0;2
1022;1;124316;28;7;2;4;1;0;0;1;0;0;3
1023;1;510046;320;32;42;30;6;71;6;4;0;22;1
1024;1;692676;126;42;7;10;9;1;0;2;0;0;1
1025;1;308023;31;13;6;5;1;9;0;0;2;0;6
1026;1;2062467;349;224;29;30;1;0;0;1;0;0;1
1027;1;23037;47;0;17;0;9;5;0;1;0;0;4
1028;1;142397;91;42;29;6;3;3;1;3;0;0;1
1029;1;6771;0;0;0;0;0;0;0;0;0;0;0
1030;1;711477;302;123;106;107;0;12;40;3;2;0;2
1031;1;96627;59;60;1;0;0;1;7;0;0;0;1
1032;1;1964;0;0;0;0;0;0;0;7;0;0;1
1033;1;93007;120;0;72;0;25;14;0;6;0;5;9
1034;1;30405;0;0;0;21;0;0;0;20;0;0;1
1035;1;365994;119;10;0;1;0;0;0;1;1;2;2
1036;1;139372;66;0;13;7;0;2;5;0;1;0;2
1037;1;82772;243;31;18;7;3;0;0;0;1;3;1
1038;1;1230166;121;46;29;3;2;1;1;0;2;0;1
1039;1;44466;44;11;6;1;1;1;5;0;0;0;5
1040;1;252220;37;6;5;2;1;0;0;1;0;0;1
1041;1;338380;132;64;15;38;1;6;1;0;2;1;10
1042;1;427450;194;31;34;11;0;6;0;0;0;1;1
1043;1;1135587;344;64;20;10;10;10;0;0;0;1;2
1044;1;535760;26;34;13;2;0;2;2;5;0;0;1
1045;1;528292;0;0;0;0;0;0;0;0;0;0;0
1046;1;183062;0;0;0;0;0;0;0;0;0;0;0
1047;1;58432;0;0;0;0;0;0;0;0;0;0;0
1048;1;247936;0;0;0;0;0;0;0;0;0;0;0
1049;1;599053;0;0;0;0;0;0;0;0;0;0;0
1050;1;158191;0;0;0;0;0;0;0;0;0;0;0
1051;1;1080524;307;254;30;16;1;3;5;4;9;3;1
1052;1;1442652;319;110;23;21;41;1;0;1;0;0;2
1053;1;1042879;106;36;18;18;1;1;0;1;0;0;1
1054;1;125295;40;16;10;3;0;0;0;0;2;2;2
1055;1;1009483;270;62;95;9;0;35;10;0;0;0;6
1056;1;330311;49;7;6;0;6;7;0;0;0;2;2
1057;1;204150;113;33;13;2;0;1;0;2;0;0;1
1058;1;351626;472;0;235;33;0;41;5;0;2;1;1
1059;1;214241;45;23;14;13;0;1;28;0;1;11;1
1060;1;195954;75;5;1;0;0;0;2;2;3;0;2
1061;1;760002;217;63;14;29;14;10;0;0;3;0;3
1062;1;464165;248;45;24;6;3;4;7;3;2;0;1
1063;1;1794008;402;150;24;42;4;4;2;2;0;0;1
